date,OT,cdr_pump,cdr_fan1,fre1_fan5,cpr3,cpr1,fre1_fan3,cpr2
2024/3/21 0:00,53.42857286,0.285714286,0,0.142857143,14.28571429,21.42857143,0.142857143,10.71428571
2024/3/21 1:00,45.66666833,0.166666667,0,0.166666667,16.66666667,8.333333333,0.166666667,8.333333333
2024/3/21 2:00,50.25714286,0.285714286,0,0,17.85714286,7.142857143,0.142857143,14.28571429
2024/3/21 3:00,83.77142714,0.428571429,0.285714286,0.285714286,32.14285714,17.85714286,0.285714286,28.57142857
2024/3/21 4:00,77.22857143,0.428571429,0.142857143,0.285714286,25,28.57142857,0.285714286,21.42857143
2024/3/21 5:00,38.91428571,0.142857143,0,0,0,14.28571429,0,14.28571429
2024/3/21 6:00,55.62857143,0.142857143,0.142857143,0.142857143,10.71428571,14.28571429,0.142857143,21.42857143
2024/3/21 7:00,43.11428571,0.142857143,0,0.142857143,17.85714286,0,0.142857143,14.28571429
2024/3/21 8:00,49.40000143,0.142857143,0.142857143,0.142857143,14.28571429,14.28571429,0.142857143,14.28571429
2024/3/21 9:00,96.40000143,0.571428571,0.142857143,0.285714286,32.14285714,35.71428571,0.285714286,21.42857143
2024/3/21 10:00,81.48571286,0.428571429,0.285714286,0.285714286,28.57142857,7.142857143,0.285714286,28.57142857
2024/3/21 11:00,72.97142714,0.285714286,0.285714286,0.142857143,14.28571429,28.57142857,0.142857143,21.42857143
2024/3/21 12:00,46.02857143,0.285714286,0.142857143,0.142857143,21.42857143,0,0.142857143,14.28571429
2024/3/21 13:00,76.80000143,0.571428571,0.285714286,0.285714286,21.42857143,35.71428571,0.285714286,14.28571429
2024/3/21 14:00,70.02857286,0.285714286,0.142857143,0.285714286,14.28571429,28.57142857,0.285714286,14.28571429
2024/3/21 15:00,134.8571486,0.571428571,0.285714286,0.285714286,28.57142857,57.14285714,0.285714286,42.85714286
2024/3/21 16:00,101.7142871,0.571428571,0.285714286,0.285714286,28.57142857,35.71428571,0.285714286,28.57142857
2024/3/21 17:00,128.2571443,0.857142857,0.571428571,0.285714286,35.71428571,50,0.285714286,39.28571429
2024/3/21 18:00,75.74285857,0.285714286,0.285714286,0.142857143,28.57142857,21.42857143,0.142857143,14.28571429
2024/3/21 19:00,75.68571429,0.428571429,0.428571429,0.285714286,25,25,0.142857143,10.71428571
2024/3/21 20:00,135.3428571,0.857142857,0.714285714,0.285714286,17.85714286,46.42857143,0.285714286,50
2024/3/21 21:00,122.0857143,0.428571429,0.285714286,0.428571429,39.28571429,42.85714286,0.428571429,32.14285714
2024/3/21 22:00,61.68571429,0.142857143,0.142857143,0.142857143,14.28571429,25,0.142857143,3.571428571
2024/3/21 23:00,66.85714286,0.285714286,0.285714286,0.285714286,28.57142857,17.85714286,0.285714286,14.28571429
2024/3/22 0:00,66.37142857,0.285714286,0.142857143,0.142857143,21.42857143,14.28571429,0.142857143,28.57142857
2024/3/22 1:00,102.2571429,0.714285714,0,0.285714286,39.28571429,21.42857143,0.285714286,42.85714286
2024/3/22 2:00,35.85714286,0.142857143,0,0,14.28571429,14.28571429,0,0
2024/3/22 3:00,82.17142714,0.571428571,0.142857143,0.285714286,21.42857143,39.28571429,0.285714286,17.85714286
2024/3/22 4:00,53.31428571,0.285714286,0.142857143,0.142857143,10.71428571,14.28571429,0.142857143,17.85714286
2024/3/22 5:00,59.71428714,0.285714286,0.142857143,0.142857143,14.28571429,25,0.142857143,10.71428571
2024/3/22 6:00,58.28571571,0.142857143,0.142857143,0.285714286,14.28571429,21.42857143,0.285714286,14.28571429
2024/3/22 7:00,49.97143,0.142857143,0.142857143,0.142857143,14.28571429,14.28571429,0.142857143,14.28571429
2024/3/22 8:00,59.31428714,0.285714286,0.142857143,0.142857143,3.571428571,17.85714286,0.142857143,28.57142857
2024/3/22 9:00,68.68571714,0.285714286,0.142857143,0.285714286,14.28571429,21.42857143,0.285714286,25
2024/3/22 10:00,95.54285571,0.428571429,0.142857143,0.142857143,21.42857143,46.42857143,0.142857143,14.28571429
2024/3/22 11:00,121.5142843,0.571428571,0.285714286,0.285714286,42.85714286,42.85714286,0.285714286,28.57142857
2024/3/22 12:00,96.85714143,0.428571429,0.142857143,0.142857143,28.57142857,28.57142857,0.142857143,35.71428571
2024/3/22 13:00,59.19999857,0.285714286,0.142857143,0,21.42857143,14.28571429,0,14.28571429
2024/3/22 14:00,44.05714429,0.285714286,0.285714286,0,7.142857143,7.142857143,0.142857143,14.28571429
2024/3/22 15:00,89.42857143,0.571428571,0.285714286,0.142857143,21.42857143,39.28571429,0.285714286,14.28571429
2024/3/22 16:00,71.68571571,0.285714286,0,0.142857143,21.42857143,21.42857143,0.142857143,14.28571429
2024/3/22 17:00,71.37143143,0.285714286,0,0.142857143,17.85714286,14.28571429,0.142857143,14.28571429
2024/3/22 18:00,109.7428586,0.714285714,0.142857143,0.142857143,28.57142857,46.42857143,0.142857143,25
2024/3/22 19:00,97.88571429,0.428571429,0.285714286,0.285714286,28.57142857,42.85714286,0.285714286,21.42857143
2024/3/22 20:00,83.94285571,0.285714286,0.142857143,0.142857143,17.85714286,35.71428571,0.142857143,14.28571429
2024/3/22 21:00,94.28571286,0.428571429,0.285714286,0.285714286,32.14285714,28.57142857,0.285714286,28.57142857
2024/3/22 22:00,75.48571429,0.428571429,0,0.285714286,21.42857143,10.71428571,0.285714286,28.57142857
2024/3/22 23:00,50.57142714,0.142857143,0,0.142857143,14.28571429,14.28571429,0.142857143,7.142857143
2024/3/23 0:00,86.40000143,0.428571429,0.285714286,0.285714286,14.28571429,39.28571429,0.285714286,35.71428571
2024/3/23 1:00,66.11428714,0.285714286,0.142857143,0.285714286,0,28.57142857,0.285714286,32.14285714
2024/3/23 2:00,58.77142714,0.285714286,0.142857143,0.142857143,17.85714286,21.42857143,0.142857143,14.28571429
2024/3/23 3:00,58.17142857,0.285714286,0,0.285714286,28.57142857,14.28571429,0.285714286,3.571428571
2024/3/23 4:00,69.37142857,0.428571429,0.142857143,0.285714286,28.57142857,28.57142857,0.285714286,7.142857143
2024/3/23 5:00,93.00000143,0.428571429,0,0,25,42.85714286,0.428571429,28.57142857
2024/3/23 6:00,102.8571429,0.571428571,0.142857143,0.285714286,17.85714286,42.85714286,0.142857143,39.28571429
2024/3/23 7:00,68.71428571,0.285714286,0,0.428571429,14.28571429,28.57142857,0.142857143,21.42857143
2024/3/23 8:00,22.85714286,0,0,0.142857143,10.71428571,0,0.142857143,0
2024/3/23 9:00,85.19999714,0.428571429,0.142857143,0.142857143,14.28571429,42.85714286,0.142857143,21.42857143
2024/3/23 10:00,94.74285429,0.428571429,0.285714286,0.142857143,42.85714286,28.57142857,0.285714286,14.28571429
2024/3/23 11:00,99.65714429,0.428571429,0.142857143,0.142857143,35.71428571,42.85714286,0.142857143,14.28571429
2024/3/23 12:00,142.0285714,0.571428571,0.285714286,0.285714286,57.14285714,53.57142857,0.285714286,28.57142857
2024/3/23 13:00,70.97142857,0.285714286,0,0.285714286,25,14.28571429,0.285714286,14.28571429
2024/3/23 14:00,99.51428571,0.571428571,0.285714286,0.285714286,21.42857143,28.57142857,0.285714286,32.14285714
2024/3/23 15:00,74.82857143,0.428571429,0.142857143,0.285714286,14.28571429,25,0.285714286,0
2024/3/23 16:00,156.0857129,0.714285714,0.571428571,0,42.85714286,67.85714286,0,35.71428571
2024/3/23 17:00,113.5142829,0.428571429,0.285714286,0.285714286,42.85714286,28.57142857,0.285714286,35.71428571
2024/3/23 18:00,126.4857157,0.714285714,0.428571429,0.285714286,35.71428571,42.85714286,0.285714286,42.85714286
2024/3/23 19:00,86.22857286,0.428571429,0.285714286,0.285714286,25,14.28571429,0.285714286,28.57142857
2024/3/23 20:00,102.1142857,0.571428571,0.142857143,0.285714286,21.42857143,42.85714286,0.285714286,28.57142857
2024/3/23 21:00,83.74285857,0.285714286,0.285714286,0.285714286,21.42857143,28.57142857,0.285714286,28.57142857
2024/3/23 22:00,73.34285714,0.285714286,0.142857143,0.285714286,14.28571429,28.57142857,0.285714286,28.57142857
2024/3/23 23:00,61.68571571,0.285714286,0.142857143,0.142857143,14.28571429,28.57142857,0.142857143,14.28571429
2024/3/24 0:00,54.62857143,0.142857143,0.142857143,0.142857143,10.71428571,17.85714286,0.142857143,14.28571429
2024/3/24 1:00,60.62857,0.285714286,0.142857143,0.142857143,14.28571429,25,0.142857143,14.28571429
2024/3/24 2:00,73.31428429,0.285714286,0.285714286,0.285714286,21.42857143,21.42857143,0.285714286,28.57142857
2024/3/24 3:00,82.19999857,0.285714286,0.285714286,0.285714286,35.71428571,32.14285714,0.285714286,14.28571429
2024/3/24 4:00,89.48571,0.571428571,0.285714286,0.142857143,32.14285714,21.42857143,0.142857143,35.71428571
2024/3/24 5:00,64.68571286,0.285714286,0.285714286,0.285714286,25,7.142857143,0.285714286,25
2024/3/24 6:00,85.6,0.428571429,0.285714286,0.285714286,28.57142857,21.42857143,0.285714286,35.71428571
2024/3/24 7:00,78.45714286,0.428571429,0.285714286,0.285714286,35.71428571,14.28571429,0.285714286,28.57142857
2024/3/24 8:00,55.82857143,0.285714286,0,0.285714286,0,25,0.285714286,25
2024/3/24 9:00,47.51428571,0.142857143,0,0.285714286,3.571428571,7.142857143,0.285714286,14.28571429
2024/3/24 10:00,73.54285714,0.428571429,0,0.285714286,10.71428571,25,0.285714286,14.28571429
2024/3/24 11:00,78.77142857,0.428571429,0.285714286,0.142857143,21.42857143,21.42857143,0.142857143,21.42857143
2024/3/24 12:00,96.11428714,0.428571429,0.285714286,0.285714286,28.57142857,42.85714286,0.285714286,21.42857143
2024/3/24 13:00,69.08571429,0.285714286,0.142857143,0.142857143,14.28571429,28.57142857,0.142857143,21.42857143
2024/3/24 14:00,89.14285714,0.571428571,0.142857143,0.285714286,10.71428571,39.28571429,0.285714286,25
2024/3/24 15:00,123.8285714,0.571428571,0.142857143,0.428571429,25,53.57142857,0.428571429,35.71428571
2024/3/24 16:00,104.8857143,0.571428571,0.142857143,0.142857143,21.42857143,42.85714286,0.142857143,35.71428571
2024/3/24 17:00,122.9714286,0.571428571,0.142857143,0.285714286,35.71428571,53.57142857,0.285714286,35.71428571
2024/3/24 18:00,116.8857143,0.428571429,0.142857143,0.285714286,39.28571429,57.14285714,0.285714286,21.42857143
2024/3/24 19:00,103.1142857,0.571428571,0.142857143,0.142857143,42.85714286,42.85714286,0.142857143,14.28571429
2024/3/24 20:00,99,0.428571429,0.142857143,0.285714286,28.57142857,35.71428571,0.285714286,25
2024/3/24 21:00,40.42857143,0.142857143,0,0.142857143,0,14.28571429,0.142857143,7.142857143
2024/3/24 22:00,48.25714429,0.142857143,0,0.285714286,14.28571429,14.28571429,0.285714286,10.71428571
2024/3/24 23:00,56.51428571,0.285714286,0,0.142857143,14.28571429,14.28571429,0.142857143,21.42857143
2024/3/25 0:00,54.31428571,0.285714286,0,0.142857143,14.28571429,25,0.142857143,7.142857143
2024/3/25 1:00,45.91428429,0.142857143,0.142857143,0.142857143,14.28571429,7.142857143,0.142857143,14.28571429
2024/3/25 2:00,49.00000167,0.333333333,0,0.166666667,0,33.33333333,0.166666667,8.333333333
2024/3/25 3:00,48.20000143,0.142857143,0,0.142857143,14.28571429,21.42857143,0.142857143,7.142857143
2024/3/25 4:00,63.57142857,0.142857143,0,0.285714286,28.57142857,17.85714286,0.285714286,14.28571429
2024/3/25 5:00,44.77143,0.142857143,0,0.142857143,14.28571429,14.28571429,0.142857143,3.571428571
2024/3/25 6:00,31.6,0,0,0.142857143,0,0,0.142857143,17.85714286
2024/3/25 7:00,61.28571571,0.285714286,0,0.285714286,17.85714286,14.28571429,0.285714286,17.85714286
2024/3/25 8:00,75.42857286,0.428571429,0,0.285714286,28.57142857,28.57142857,0.285714286,21.42857143
2024/3/25 9:00,52,0.428571429,0,0.142857143,14.28571429,14.28571429,0.142857143,10.71428571
2024/3/25 10:00,71.22857143,0.285714286,0,0.285714286,21.42857143,17.85714286,0.285714286,14.28571429
2024/3/25 11:00,110.6000014,0.571428571,0.142857143,0.285714286,42.85714286,35.71428571,0.285714286,28.57142857
2024/3/25 12:00,66.22857143,0.428571429,0.285714286,0.142857143,25,21.42857143,0,7.142857143
2024/3/25 13:00,104.4571414,0.857142857,0.142857143,0.285714286,39.28571429,25,0.285714286,35.71428571
2024/3/25 14:00,44.39999857,0.285714286,0.142857143,0.142857143,14.28571429,25,0.142857143,0
2024/3/25 15:00,77.22857143,0.428571429,0,0.142857143,25,21.42857143,0.142857143,21.42857143
2024/3/25 16:00,108.9142857,0.428571429,0.285714286,0.285714286,28.57142857,42.85714286,0.142857143,35.71428571
2024/3/25 17:00,51.71428571,0.142857143,0.142857143,0.142857143,3.571428571,14.28571429,0.142857143,14.28571429
2024/3/25 18:00,81.25714286,0.285714286,0.142857143,0.285714286,21.42857143,25,0.285714286,17.85714286
2024/3/25 19:00,73.57143,0.428571429,0,0.142857143,10.71428571,28.57142857,0.142857143,21.42857143
2024/3/25 20:00,57.20000143,0.142857143,0.142857143,0.142857143,17.85714286,14.28571429,0.142857143,3.571428571
2024/3/25 21:00,69.22857143,0.285714286,0.142857143,0.142857143,14.28571429,28.57142857,0.142857143,25
2024/3/25 22:00,54.54285857,0.285714286,0.142857143,0.142857143,25,0,0.142857143,14.28571429
2024/3/25 23:00,39.68571429,0.142857143,0,0.142857143,3.571428571,14.28571429,0.142857143,7.142857143
2024/3/26 0:00,52.54285857,0.142857143,0,0.285714286,7.142857143,28.57142857,0.285714286,7.142857143
2024/3/26 1:00,67.42857143,0.142857143,0.142857143,0.285714286,14.28571429,28.57142857,0.285714286,21.42857143
2024/3/26 2:00,51.37142714,0.142857143,0,0.142857143,14.28571429,25,0.142857143,7.142857143
2024/3/26 3:00,91.37142857,0.428571429,0.285714286,0.142857143,14.28571429,42.85714286,0.428571429,21.42857143
2024/3/26 4:00,57.74285571,0.142857143,0.142857143,0.285714286,28.57142857,3.571428571,0,17.85714286
2024/3/26 5:00,54.30000167,0.166666667,0,0.166666667,8.333333333,16.66666667,0.166666667,25
2024/3/26 6:00,51.14285714,0.285714286,0,0.142857143,10.71428571,14.28571429,0.142857143,21.42857143
2024/3/26 7:00,39,0.142857143,0,0.142857143,14.28571429,0,0.142857143,14.28571429
2024/3/26 8:00,71.71428571,0.285714286,0.142857143,0.285714286,14.28571429,28.57142857,0.285714286,28.57142857
2024/3/26 9:00,68.11428429,0.285714286,0.142857143,0.285714286,14.28571429,25,0.285714286,14.28571429
2024/3/26 10:00,80.94286,0.428571429,0.142857143,0.285714286,14.28571429,28.57142857,0.285714286,25
2024/3/26 11:00,79.74285857,0.285714286,0.142857143,0.285714286,32.14285714,14.28571429,0.285714286,14.28571429
2024/3/26 12:00,92.65714571,0.428571429,0.142857143,0.285714286,28.57142857,32.14285714,0.285714286,28.57142857
2024/3/26 13:00,47.48571571,0.285714286,0,0.142857143,14.28571429,28.57142857,0.142857143,0
2024/3/26 14:00,203.77143,0.857142857,0.714285714,0.857142857,85.71428571,78.57142857,0.857142857,71.42857143
2024/3/26 15:00,248.97143,1,1,1,100,100,1,100
2024/3/26 16:00,135.1714271,0.571428571,0.428571429,0.428571429,42.85714286,57.14285714,0.428571429,46.42857143
2024/3/26 17:00,90.28571714,0.571428571,0.142857143,0.142857143,21.42857143,21.42857143,0.142857143,39.28571429
2024/3/26 18:00,116.6571443,0.714285714,0.142857143,0.142857143,21.42857143,50,0.142857143,46.42857143
2024/3/26 19:00,101.1428586,0.571428571,0.285714286,0.285714286,21.42857143,57.14285714,0.285714286,14.28571429
2024/3/26 20:00,87.77143143,0.428571429,0.285714286,0.285714286,10.71428571,35.71428571,0.285714286,21.42857143
2024/3/26 21:00,64.17142857,0.285714286,0.142857143,0,28.57142857,7.142857143,0.142857143,14.28571429
2024/3/26 22:00,71.51428429,0.285714286,0.285714286,0.285714286,14.28571429,28.57142857,0.285714286,17.85714286
2024/3/26 23:00,57.22857286,0.285714286,0,0.142857143,10.71428571,14.28571429,0.285714286,17.85714286
2024/3/27 0:00,36.08571429,0.142857143,0,0,10.71428571,14.28571429,0,0
2024/3/27 1:00,70.05714429,0.428571429,0.142857143,0.285714286,14.28571429,28.57142857,0.285714286,21.42857143
2024/3/27 2:00,67.54285857,0.428571429,0.142857143,0.285714286,14.28571429,25,0.285714286,25
2024/3/27 3:00,48.54285714,0.142857143,0.142857143,0.142857143,14.28571429,14.28571429,0.142857143,10.71428571
2024/3/27 4:00,33.11428571,0.142857143,0,0.142857143,10.71428571,0,0.142857143,14.28571429
2024/3/27 5:00,54.05714429,0.285714286,0.142857143,0.142857143,14.28571429,25,0.142857143,7.142857143
2024/3/27 6:00,77.05714286,0.571428571,0.142857143,0.285714286,14.28571429,32.14285714,0.285714286,17.85714286
2024/3/27 7:00,68.34285714,0.285714286,0.142857143,0.285714286,14.28571429,28.57142857,0.285714286,14.28571429
2024/3/27 8:00,51.71428429,0.285714286,0,0.142857143,14.28571429,17.85714286,0.142857143,3.571428571
2024/3/27 9:00,106.1714286,0.571428571,0.285714286,0.142857143,14.28571429,57.14285714,0.142857143,28.57142857
2024/3/27 10:00,88.05714286,0.571428571,0.428571429,0.285714286,21.42857143,28.57142857,0.285714286,21.42857143
2024/3/27 11:00,140.8857129,0.714285714,0.428571429,0.428571429,50,32.14285714,0.428571429,42.85714286
2024/3/27 12:00,89.88571286,0.714285714,0.285714286,0.142857143,39.28571429,21.42857143,0.142857143,10.71428571
2024/3/27 13:00,61.37142714,0.142857143,0.142857143,0.142857143,25,14.28571429,0.142857143,14.28571429
2024/3/27 14:00,83.28571286,0.285714286,0.285714286,0.142857143,28.57142857,28.57142857,0.142857143,28.57142857
2024/3/27 15:00,102.2,0.571428571,0.285714286,0.285714286,28.57142857,42.85714286,0.285714286,28.57142857
2024/3/27 16:00,76.57142857,0.571428571,0.142857143,0.285714286,14.28571429,28.57142857,0.285714286,21.42857143
2024/3/27 17:00,86.25714429,0.571428571,0.428571429,0.285714286,28.57142857,14.28571429,0.285714286,35.71428571
2024/3/27 18:00,92.14285571,0.428571429,0.285714286,0.285714286,39.28571429,21.42857143,0.285714286,25
2024/3/27 19:00,59.05714143,0.285714286,0.285714286,0.285714286,14.28571429,14.28571429,0.285714286,14.28571429
2024/3/27 20:00,46.97142857,0.142857143,0,0.285714286,0,14.28571429,0.285714286,14.28571429
2024/3/27 21:00,88.08571143,0.571428571,0.285714286,0.285714286,39.28571429,35.71428571,0.285714286,14.28571429
2024/3/27 22:00,89.14285714,0.428571429,0.285714286,0.285714286,32.14285714,28.57142857,0.285714286,28.57142857
2024/3/27 23:00,59.2,0.285714286,0.142857143,0.285714286,14.28571429,28.57142857,0.285714286,7.142857143
2024/3/28 0:00,43.45714286,0.285714286,0.142857143,0.285714286,0,25,0.285714286,7.142857143
2024/3/28 1:00,66.39999857,0.285714286,0.285714286,0,14.28571429,39.28571429,0,14.28571429
2024/3/28 2:00,72.28571429,0.285714286,0.142857143,0.285714286,14.28571429,42.85714286,0.285714286,14.28571429
2024/3/28 3:00,48.65714429,0.285714286,0,0,14.28571429,14.28571429,0,3.571428571
2024/3/28 4:00,63.08571286,0.285714286,0.142857143,0.142857143,14.28571429,28.57142857,0.142857143,14.28571429
2024/3/28 5:00,70.77142571,0.285714286,0,0.285714286,14.28571429,32.14285714,0.285714286,17.85714286
2024/3/28 6:00,45.51428429,0.142857143,0.142857143,0.142857143,14.28571429,3.571428571,0.142857143,14.28571429
2024/3/28 7:00,71.77142857,0.428571429,0.142857143,0.142857143,21.42857143,28.57142857,0.142857143,21.42857143
2024/3/28 8:00,91.97142857,0.571428571,0.142857143,0.285714286,35.71428571,21.42857143,0.285714286,32.14285714
2024/3/28 9:00,47.62857143,0.142857143,0.142857143,0.142857143,28.57142857,0,0.142857143,14.28571429
2024/3/28 10:00,69.08571714,0.428571429,0,0.142857143,17.85714286,21.42857143,0.142857143,21.42857143
2024/3/28 11:00,99.42857,0.428571429,0.285714286,0.285714286,28.57142857,42.85714286,0.285714286,17.85714286
2024/3/28 12:00,81.62857143,0.428571429,0.142857143,0.285714286,28.57142857,28.57142857,0.285714286,7.142857143
2024/3/28 13:00,69.77143,0.285714286,0.142857143,0.142857143,28.57142857,21.42857143,0.142857143,14.28571429
2024/3/28 14:00,105.3142843,0.571428571,0.428571429,0.285714286,35.71428571,35.71428571,0.285714286,28.57142857
2024/3/28 15:00,93.25714143,0.428571429,0.142857143,0.142857143,28.57142857,14.28571429,0.142857143,42.85714286
2024/3/28 16:00,126.8857157,0.714285714,0.285714286,0.428571429,42.85714286,42.85714286,0.428571429,35.71428571
2024/3/28 17:00,101.77143,0.571428571,0.142857143,0.285714286,28.57142857,42.85714286,0.285714286,21.42857143
2024/3/28 18:00,90.6,0.428571429,0.142857143,0.285714286,21.42857143,28.57142857,0.285714286,28.57142857
2024/3/28 19:00,83.80000143,0.285714286,0.142857143,0,10.71428571,14.28571429,0.285714286,42.85714286
2024/3/28 20:00,92.97142857,0.428571429,0.285714286,0.428571429,14.28571429,28.57142857,0.285714286,42.85714286
2024/3/28 21:00,67.42857143,0.285714286,0.142857143,0.142857143,14.28571429,28.57142857,0,21.42857143
2024/3/28 22:00,78.11428429,0.428571429,0.142857143,0.142857143,14.28571429,35.71428571,0.142857143,17.85714286
2024/3/28 23:00,48.68571286,0.142857143,0.142857143,0.285714286,10.71428571,14.28571429,0.285714286,7.142857143
2024/3/29 0:00,62.34285857,0.285714286,0.142857143,0.142857143,14.28571429,21.42857143,0.142857143,14.28571429
2024/3/29 1:00,65.94285857,0.285714286,0.142857143,0.142857143,14.28571429,25,0.142857143,14.28571429
2024/3/29 2:00,63.37143,0.285714286,0.142857143,0.285714286,3.571428571,17.85714286,0.285714286,28.57142857
2024/3/29 3:00,47.74285714,0.142857143,0.142857143,0,10.71428571,14.28571429,0.142857143,14.28571429
2024/3/29 4:00,81.77142571,0.428571429,0,0.285714286,21.42857143,35.71428571,0.285714286,21.42857143
2024/3/29 5:00,66.80000143,0.285714286,0.285714286,0.142857143,7.142857143,21.42857143,0.142857143,28.57142857
2024/3/29 6:00,72.02857286,0.428571429,0,0.142857143,28.57142857,21.42857143,0.142857143,21.42857143
2024/3/29 7:00,82.08571429,0.428571429,0.142857143,0.285714286,28.57142857,32.14285714,0.285714286,14.28571429
2024/3/29 8:00,64.19999714,0.428571429,0,0.285714286,28.57142857,25,0.285714286,0
2024/3/29 9:00,52.02857143,0.285714286,0.142857143,0,7.142857143,10.71428571,0,28.57142857
2024/3/29 10:00,56.08571429,0.285714286,0.285714286,0.142857143,7.142857143,14.28571429,0.142857143,25
2024/3/29 11:00,65.79999857,0.285714286,0.285714286,0.142857143,14.28571429,14.28571429,0.142857143,25
2024/3/29 12:00,51.31428571,0.285714286,0,0,14.28571429,14.28571429,0.142857143,0
2024/3/29 13:00,86.51428571,0.285714286,0.285714286,0.285714286,21.42857143,32.14285714,0.285714286,28.57142857
2024/3/29 14:00,76.22857143,0.428571429,0.285714286,0.142857143,25,10.71428571,0.142857143,14.28571429
2024/3/29 15:00,166.3142843,1,0.571428571,0.285714286,67.85714286,50,0.142857143,39.28571429
2024/3/29 16:00,149.2857157,0.857142857,0.428571429,0.285714286,64.28571429,50,0.285714286,35.71428571
2024/3/29 17:00,125.5714286,0.571428571,0.285714286,0.285714286,28.57142857,57.14285714,0.285714286,25
2024/3/29 18:00,119.1999986,0.714285714,0.142857143,0.142857143,21.42857143,50,0.285714286,32.14285714
2024/3/29 19:00,123.8000029,0.571428571,0.285714286,0.285714286,28.57142857,50,0.285714286,35.71428571
2024/3/29 20:00,128.3142829,0.571428571,0.285714286,0.428571429,35.71428571,57.14285714,0.285714286,32.14285714
2024/3/29 21:00,100.1142829,0.428571429,0.285714286,0.285714286,32.14285714,39.28571429,0.285714286,25
2024/3/29 22:00,114.2285729,0.428571429,0.285714286,0.285714286,28.57142857,46.42857143,0.285714286,25
2024/3/29 23:00,55.99999857,0.285714286,0.142857143,0.142857143,14.28571429,28.57142857,0.142857143,7.142857143
2024/3/30 0:00,62.17142857,0.285714286,0.285714286,0.285714286,14.28571429,14.28571429,0.285714286,25
2024/3/30 1:00,44.37142857,0.285714286,0.142857143,0.142857143,7.142857143,10.71428571,0.142857143,14.28571429
2024/3/30 2:00,78.94285571,0.428571429,0.142857143,0.142857143,35.71428571,14.28571429,0.142857143,28.57142857
2024/3/30 3:00,51.48571286,0.142857143,0,0.285714286,14.28571429,7.142857143,0.285714286,14.28571429
2024/3/30 4:00,46.42857143,0.142857143,0.142857143,0.142857143,7.142857143,14.28571429,0.142857143,14.28571429
2024/3/30 5:00,53.51428571,0.285714286,0.142857143,0.142857143,10.71428571,14.28571429,0.142857143,21.42857143
2024/3/30 6:00,116.6000014,0.428571429,0.285714286,0.571428571,39.28571429,42.85714286,0.571428571,35.71428571
2024/3/30 7:00,40.19999857,0,0,0.285714286,0,17.85714286,0.285714286,7.142857143
2024/3/30 8:00,40.62857143,0.142857143,0.142857143,0.142857143,14.28571429,14.28571429,0.142857143,0
2024/3/30 9:00,86.62857429,0.571428571,0.285714286,0.142857143,28.57142857,21.42857143,0.142857143,21.42857143
2024/3/30 10:00,92.14285714,0.428571429,0.285714286,0.142857143,28.57142857,25,0.142857143,21.42857143
2024/3/30 11:00,73.19999857,0.285714286,0.142857143,0.285714286,14.28571429,35.71428571,0.285714286,7.142857143
2024/3/30 12:00,75.88571286,0.428571429,0.285714286,0.285714286,21.42857143,25,0.285714286,10.71428571
2024/3/30 13:00,72.71428714,0.285714286,0.285714286,0.285714286,7.142857143,28.57142857,0.285714286,28.57142857
2024/3/30 14:00,114.4285729,0.571428571,0.428571429,0.285714286,35.71428571,35.71428571,0.285714286,32.14285714
2024/3/30 15:00,130.5142871,0.571428571,0.285714286,0.285714286,35.71428571,53.57142857,0.285714286,25
2024/3/30 16:00,129.7714271,0.571428571,0.428571429,0.142857143,28.57142857,64.28571429,0.142857143,21.42857143
2024/3/30 17:00,197.2857114,1,0.857142857,0.285714286,71.42857143,60.71428571,0.285714286,57.14285714
2024/3/30 18:00,128.0571414,0.714285714,0.285714286,0.285714286,28.57142857,42.85714286,0.285714286,35.71428571
2024/3/30 19:00,134.5428571,0.571428571,0.285714286,0.285714286,28.57142857,53.57142857,0.285714286,39.28571429
2024/3/30 20:00,93.77142571,0.428571429,0.142857143,0.142857143,28.57142857,14.28571429,0.142857143,42.85714286
2024/3/30 21:00,108.7428586,0.571428571,0.285714286,0.285714286,28.57142857,50,0.285714286,25
2024/3/30 22:00,117.4857171,0.571428571,0.285714286,0.285714286,28.57142857,57.14285714,0.285714286,32.14285714
2024/3/30 23:00,81.31428429,0.285714286,0.285714286,0.142857143,25,28.57142857,0.142857143,28.57142857
2024/3/31 0:00,79.42856857,0.285714286,0.285714286,0.285714286,28.57142857,17.85714286,0.285714286,28.57142857
2024/3/31 1:00,93.34285857,0.428571429,0.285714286,0.285714286,25,35.71428571,0.285714286,28.57142857
2024/3/31 2:00,62.31428571,0.285714286,0.142857143,0.285714286,21.42857143,0,0.285714286,28.57142857
2024/3/31 3:00,73.85714,0.428571429,0.142857143,0.142857143,14.28571429,25,0.142857143,28.57142857
2024/3/31 4:00,38.37142857,0.142857143,0,0.285714286,14.28571429,0,0.285714286,10.71428571
2024/3/31 5:00,57.94285714,0.285714286,0.142857143,0.285714286,14.28571429,14.28571429,0.285714286,17.85714286
2024/3/31 6:00,63.54285714,0.285714286,0.142857143,0.142857143,28.57142857,14.28571429,0.142857143,14.28571429
2024/3/31 7:00,54.22857143,0.285714286,0,0.142857143,14.28571429,25,0.142857143,3.571428571
2024/3/31 8:00,62.37142857,0.285714286,0.142857143,0.142857143,14.28571429,28.57142857,0.142857143,14.28571429
2024/3/31 9:00,121.74286,0.714285714,0.285714286,0.285714286,28.57142857,60.71428571,0.285714286,35.71428571
2024/3/31 10:00,87.28571429,0.428571429,0.142857143,0.285714286,28.57142857,28.57142857,0.285714286,14.28571429
2024/3/31 11:00,130.3428586,0.714285714,0.285714286,0.285714286,50,32.14285714,0.285714286,42.85714286
2024/3/31 12:00,111.2,0.571428571,0.428571429,0.285714286,21.42857143,42.85714286,0.285714286,39.28571429
2024/3/31 13:00,243.5142886,1,1,0.714285714,85.71428571,100,0.714285714,82.14285714
2024/3/31 14:00,251.82857,1,1,1,100,100,0.714285714,71.42857143
2024/3/31 15:00,85.22857143,0.285714286,0.285714286,0.142857143,28.57142857,21.42857143,0.142857143,10.71428571
2024/3/31 16:00,89.85714286,0.571428571,0.428571429,0.285714286,28.57142857,28.57142857,0.285714286,10.71428571
2024/3/31 17:00,120.4857129,0.857142857,0.571428571,0.285714286,53.57142857,32.14285714,0.285714286,14.28571429
2024/3/31 18:00,134.5714314,0.571428571,0.428571429,0.285714286,53.57142857,50,0.285714286,7.142857143
2024/3/31 19:00,111.22857,0.714285714,0.285714286,0.285714286,46.42857143,21.42857143,0.285714286,28.57142857
2024/3/31 20:00,130.2,0.714285714,0.285714286,0.428571429,46.42857143,42.85714286,0.428571429,35.71428571
2024/3/31 21:00,54.82857143,0.428571429,0,0.285714286,25,7.142857143,0.285714286,0
2024/3/31 22:00,89.08571143,0.428571429,0.285714286,0.285714286,28.57142857,42.85714286,0.285714286,21.42857143
2024/3/31 23:00,68.14285857,0.428571429,0.428571429,0.142857143,17.85714286,14.28571429,0.142857143,28.57142857
2024/4/1 0:00,81.57143,0.428571429,0.285714286,0.142857143,25,42.85714286,0,14.28571429
2024/4/1 1:00,64.11428714,0.285714286,0.142857143,0.142857143,14.28571429,28.57142857,0.142857143,14.28571429
2024/4/1 2:00,60.48571429,0.285714286,0.142857143,0.285714286,28.57142857,28.57142857,0.285714286,0
2024/4/1 3:00,41.94285714,0.285714286,0.142857143,0,0,14.28571429,0,21.42857143
2024/4/1 4:00,67.74285714,0.428571429,0.142857143,0.285714286,28.57142857,14.28571429,0.285714286,21.42857143
2024/4/1 5:00,70.45714143,0.428571429,0.142857143,0.285714286,28.57142857,14.28571429,0.285714286,21.42857143
2024/4/1 6:00,61.02857,0.285714286,0.142857143,0.142857143,14.28571429,25,0.142857143,14.28571429
2024/4/1 7:00,49.71428429,0.285714286,0.142857143,0.142857143,7.142857143,14.28571429,0.142857143,10.71428571
2024/4/1 8:00,78.57142857,0.285714286,0.285714286,0.285714286,28.57142857,21.42857143,0.285714286,21.42857143
2024/4/1 9:00,112.3999986,0.714285714,0.428571429,0.142857143,35.71428571,35.71428571,0.142857143,32.14285714
2024/4/1 10:00,129.4857143,0.714285714,0.571428571,0.285714286,28.57142857,42.85714286,0.142857143,53.57142857
2024/4/1 11:00,101.8000014,0.428571429,0.428571429,0.285714286,28.57142857,39.28571429,0.285714286,17.85714286
2024/4/1 12:00,106.2285714,0.571428571,0.571428571,0.285714286,25,39.28571429,0.285714286,21.42857143
2024/4/1 13:00,130.62857,0.571428571,0.571428571,0.285714286,35.71428571,42.85714286,0.285714286,35.71428571
2024/4/1 14:00,118.42857,0.428571429,0.428571429,0.285714286,28.57142857,35.71428571,0.285714286,28.57142857
2024/4/1 15:00,143.3142843,0.571428571,0.428571429,0.285714286,42.85714286,21.42857143,0.285714286,57.14285714
2024/4/1 16:00,177.4285729,0.857142857,0.714285714,0.285714286,42.85714286,71.42857143,0.285714286,57.14285714
2024/4/1 17:00,151.1142886,0.714285714,0.714285714,0.285714286,35.71428571,64.28571429,0.285714286,42.85714286
2024/4/1 18:00,122.02857,0.571428571,0.571428571,0.285714286,35.71428571,35.71428571,0.285714286,28.57142857
2024/4/1 19:00,180.4285714,1,0.714285714,0.571428571,50,71.42857143,0.428571429,50
2024/4/1 20:00,148.0000014,1,0.857142857,0.285714286,21.42857143,67.85714286,0.285714286,42.85714286
2024/4/1 21:00,101.4571414,0.571428571,0.428571429,0.142857143,14.28571429,32.14285714,0.142857143,39.28571429
2024/4/1 22:00,72.71428429,0.285714286,0.142857143,0.285714286,14.28571429,25,0.285714286,17.85714286
2024/4/1 23:00,59.57143,0.142857143,0.142857143,0.285714286,14.28571429,21.42857143,0.285714286,14.28571429
2024/4/2 0:00,82.51428714,0.428571429,0.285714286,0.285714286,42.85714286,10.71428571,0.285714286,21.42857143
2024/4/2 1:00,44.71428571,0.285714286,0,0.142857143,3.571428571,7.142857143,0.142857143,14.28571429
2024/4/2 2:00,45.88571286,0.428571429,0.142857143,0.142857143,14.28571429,21.42857143,0.142857143,0
2024/4/2 3:00,80.13333333,0.5,0,0.333333333,33.33333333,16.66666667,0.333333333,29.16666667
2024/4/2 4:00,46.74285571,0.285714286,0,0.142857143,0,14.28571429,0.142857143,21.42857143
2024/4/2 5:00,71.37142857,0.285714286,0.285714286,0.428571429,21.42857143,21.42857143,0.285714286,28.57142857
2024/4/2 6:00,78.31428571,0.285714286,0.142857143,0.285714286,28.57142857,21.42857143,0.285714286,28.57142857
2024/4/2 7:00,58.82857286,0.285714286,0,0.142857143,14.28571429,17.85714286,0.142857143,17.85714286
2024/4/2 8:00,54.45714429,0.285714286,0.285714286,0.142857143,14.28571429,7.142857143,0.142857143,28.57142857
2024/4/2 9:00,58.65714286,0.285714286,0,0.142857143,0,28.57142857,0.142857143,21.42857143
2024/4/2 10:00,125.9428586,0.571428571,0.285714286,0.285714286,53.57142857,39.28571429,0.285714286,25
2024/4/2 11:00,107.77143,0.428571429,0.142857143,0.142857143,32.14285714,32.14285714,0.142857143,35.71428571
2024/4/2 12:00,127.1428529,0.714285714,0.285714286,0.285714286,35.71428571,42.85714286,0.285714286,42.85714286
2024/4/2 13:00,69.54285714,0.285714286,0.142857143,0.142857143,28.57142857,14.28571429,0.142857143,14.28571429
2024/4/2 14:00,112.8857143,0.571428571,0.142857143,0.285714286,32.14285714,50,0.285714286,32.14285714
2024/4/2 15:00,138.2285729,0.714285714,0.285714286,0.285714286,42.85714286,57.14285714,0.285714286,25
2024/4/2 16:00,140.8857143,0.714285714,0.285714286,0.285714286,42.85714286,64.28571429,0.285714286,35.71428571
2024/4/2 17:00,135.62857,0.714285714,0.428571429,0.142857143,39.28571429,57.14285714,0.142857143,35.71428571
2024/4/2 18:00,132.0857114,0.571428571,0.285714286,0.285714286,39.28571429,50,0.428571429,39.28571429
2024/4/2 19:00,129.7142829,0.571428571,0.285714286,0.285714286,28.57142857,57.14285714,0.285714286,42.85714286
2024/4/2 20:00,92.39999857,0.428571429,0.142857143,0.285714286,25,42.85714286,0.285714286,14.28571429
2024/4/2 21:00,116.6000014,0.571428571,0.142857143,0.285714286,28.57142857,46.42857143,0.285714286,25
2024/4/2 22:00,75.57142714,0.142857143,0.142857143,0.142857143,25,17.85714286,0.142857143,14.28571429
2024/4/2 23:00,77.54285857,0.285714286,0.142857143,0.285714286,21.42857143,17.85714286,0.285714286,25
2024/4/3 0:00,116.2571414,0.571428571,0.571428571,0.285714286,57.14285714,50,0.428571429,7.142857143
2024/4/3 1:00,129.3428586,0.714285714,0.428571429,0.142857143,42.85714286,60.71428571,0,25
2024/4/3 2:00,73.74285714,0.285714286,0,0.285714286,42.85714286,14.28571429,0.285714286,14.28571429
2024/4/3 3:00,46.08571429,0.142857143,0,0.285714286,28.57142857,7.142857143,0.285714286,0
2024/4/3 4:00,37.65714286,0.142857143,0,0.142857143,14.28571429,0,0.142857143,14.28571429
2024/4/3 5:00,65.94285714,0.428571429,0.142857143,0.285714286,14.28571429,28.57142857,0.285714286,10.71428571
2024/4/3 6:00,70.02857,0.285714286,0,0.285714286,14.28571429,35.71428571,0.285714286,7.142857143
2024/4/3 7:00,55.22857143,0.285714286,0.142857143,0.142857143,14.28571429,21.42857143,0.142857143,14.28571429
2024/4/3 8:00,41.11428429,0.142857143,0,0.142857143,7.142857143,10.71428571,0.142857143,14.28571429
2024/4/3 9:00,87.02857,0.285714286,0,0.285714286,28.57142857,25,0.285714286,28.57142857
2024/4/3 10:00,53.45714429,0.142857143,0,0.142857143,14.28571429,25,0.142857143,0
2024/4/3 11:00,110.3428571,0.571428571,0.285714286,0.285714286,35.71428571,42.85714286,0.285714286,28.57142857
2024/4/3 12:00,83.51428429,0.428571429,0.142857143,0.142857143,28.57142857,32.14285714,0.142857143,14.28571429
2024/4/3 13:00,69.17143,0.285714286,0.142857143,0.142857143,28.57142857,17.85714286,0.285714286,14.28571429
2024/4/3 14:00,93.34285857,0.428571429,0.142857143,0.285714286,32.14285714,28.57142857,0.285714286,28.57142857
2024/4/3 15:00,130.1428557,0.714285714,0.142857143,0.285714286,32.14285714,50,0.285714286,42.85714286
2024/4/3 16:00,134.2285686,0.714285714,0.285714286,0.285714286,35.71428571,53.57142857,0.285714286,42.85714286
2024/4/3 17:00,136.7428586,0.571428571,0.285714286,0.285714286,42.85714286,64.28571429,0.285714286,35.71428571
2024/4/3 18:00,117.4000014,0.571428571,0.285714286,0.285714286,42.85714286,35.71428571,0.142857143,42.85714286
2024/4/3 19:00,104.2571429,0.571428571,0.428571429,0.285714286,28.57142857,50,0.285714286,21.42857143
2024/4/3 20:00,132.7142843,0.571428571,0.285714286,0.285714286,35.71428571,35.71428571,0.285714286,25
2024/4/3 21:00,51.71428571,0.285714286,0,0.142857143,14.28571429,17.85714286,0.142857143,0
2024/4/3 22:00,67.17142857,0.285714286,0.142857143,0.285714286,28.57142857,14.28571429,0.285714286,14.28571429
2024/4/3 23:00,43.57142714,0.285714286,0,0.142857143,0,28.57142857,0.142857143,7.142857143
2024/4/4 0:00,36.17142857,0.142857143,0.142857143,0.142857143,14.28571429,0,0.142857143,14.28571429
2024/4/4 1:00,35.94285714,0,0,0.285714286,3.571428571,7.142857143,0.285714286,14.28571429
2024/4/4 2:00,72.68571286,0.285714286,0.142857143,0.428571429,28.57142857,14.28571429,0.428571429,28.57142857
2024/4/4 3:00,61.19999857,0.285714286,0.142857143,0.285714286,14.28571429,28.57142857,0.285714286,14.28571429
2024/4/4 4:00,31.51428571,0,0,0.142857143,3.571428571,0,0.142857143,10.71428571
2024/4/4 5:00,65.39999714,0.285714286,0.142857143,0.142857143,14.28571429,28.57142857,0.142857143,17.85714286
2024/4/4 6:00,79.48571143,0.571428571,0.142857143,0.285714286,14.28571429,35.71428571,0.142857143,17.85714286
2024/4/4 7:00,53.51428714,0.285714286,0,0.142857143,14.28571429,14.28571429,0.142857143,17.85714286
2024/4/4 8:00,48.02857143,0.142857143,0.142857143,0.142857143,14.28571429,10.71428571,0.142857143,14.28571429
2024/4/4 9:00,116.0285729,0.714285714,0.285714286,0.285714286,25,50,0.285714286,35.71428571
2024/4/4 10:00,107.85714,0.571428571,0.142857143,0.285714286,32.14285714,39.28571429,0.285714286,25
2024/4/4 11:00,144.42857,0.857142857,0.285714286,0.285714286,39.28571429,50,0.285714286,35.71428571
2024/4/4 12:00,146.8857129,0.714285714,0.428571429,0.285714286,39.28571429,46.42857143,0.285714286,57.14285714
2024/4/4 13:00,85.85714286,0.571428571,0.142857143,0.285714286,17.85714286,46.42857143,0.285714286,14.28571429
2024/4/4 14:00,48.08571429,0.285714286,0.142857143,0.142857143,17.85714286,3.571428571,0.142857143,14.28571429
2024/4/4 15:00,111.5428571,0.571428571,0.142857143,0.285714286,42.85714286,32.14285714,0.285714286,21.42857143
2024/4/4 16:00,101.2571429,0.428571429,0.142857143,0.285714286,17.85714286,42.85714286,0.285714286,25
2024/4/4 17:00,118.3142843,0.428571429,0.285714286,0.285714286,28.57142857,57.14285714,0.285714286,28.57142857
2024/4/4 18:00,91.54285714,0.428571429,0.142857143,0.285714286,28.57142857,39.28571429,0.285714286,7.142857143
2024/4/4 19:00,126.42857,0.714285714,0.142857143,0.285714286,28.57142857,67.85714286,0.285714286,25
2024/4/4 20:00,115.6857157,0.571428571,0.142857143,0.285714286,50,50,0.285714286,14.28571429
2024/4/4 21:00,117.3428557,0.428571429,0.285714286,0.285714286,35.71428571,46.42857143,0.285714286,28.57142857
2024/4/4 22:00,122.7142857,0.571428571,0.285714286,0.142857143,28.57142857,57.14285714,0.142857143,35.71428571
2024/4/4 23:00,121.1142843,0.571428571,0.285714286,0.285714286,28.57142857,57.14285714,0.285714286,35.71428571
2024/4/5 0:00,89.11428857,0.428571429,0.142857143,0.285714286,25,28.57142857,0.285714286,35.71428571
2024/4/5 1:00,51.88571429,0.285714286,0,0,28.57142857,14.28571429,0,0
2024/4/5 2:00,72.22857286,0.428571429,0,0.285714286,14.28571429,28.57142857,0.285714286,28.57142857
2024/4/5 3:00,71.45714,0.285714286,0,0.142857143,14.28571429,28.57142857,0.142857143,28.57142857
2024/4/5 4:00,54.22857143,0.142857143,0,0.142857143,21.42857143,10.71428571,0.142857143,14.28571429
2024/4/5 5:00,80.77142857,0.428571429,0.142857143,0.285714286,14.28571429,35.71428571,0.285714286,25
2024/4/5 6:00,36.02857143,0.142857143,0.142857143,0.142857143,0,14.28571429,0.142857143,14.28571429
2024/4/5 7:00,58.45714286,0.285714286,0.142857143,0.142857143,14.28571429,25,0.142857143,14.28571429
2024/4/5 8:00,71.6,0.571428571,0,0.142857143,21.42857143,35.71428571,0.142857143,14.28571429
2024/4/5 9:00,128.2285743,0.571428571,0.285714286,0.285714286,46.42857143,28.57142857,0.285714286,46.42857143
2024/4/5 10:00,125.0000029,0.714285714,0.285714286,0.285714286,32.14285714,50,0.285714286,32.14285714
2024/4/5 11:00,115.2571443,0.571428571,0.142857143,0.285714286,28.57142857,46.42857143,0.285714286,21.42857143
2024/4/5 12:00,96.02856857,0.428571429,0.142857143,0.285714286,21.42857143,28.57142857,0.285714286,35.71428571
2024/4/5 13:00,127.9428571,0.714285714,0.285714286,0.285714286,14.28571429,46.42857143,0.285714286,57.14285714
2024/4/5 14:00,138.0857114,0.857142857,0.142857143,0.285714286,28.57142857,57.14285714,0.285714286,42.85714286
2024/4/5 15:00,116.6857143,0.714285714,0.285714286,0.285714286,28.57142857,53.57142857,0.285714286,21.42857143
2024/4/5 16:00,119.0571429,0.571428571,0.285714286,0.428571429,28.57142857,39.28571429,0.285714286,35.71428571
2024/4/5 17:00,141.2,0.714285714,0.285714286,0.428571429,35.71428571,50,0.428571429,46.42857143
2024/4/5 18:00,97.2,0.571428571,0.142857143,0.285714286,14.28571429,50,0.285714286,17.85714286
2024/4/5 19:00,157.3428571,0.714285714,0.285714286,0.428571429,50,75,0.428571429,25
2024/4/5 20:00,87.94285429,0.285714286,0.142857143,0.285714286,21.42857143,28.57142857,0.285714286,21.42857143
2024/4/5 21:00,79.80000143,0.285714286,0.142857143,0.142857143,14.28571429,28.57142857,0.142857143,21.42857143
2024/4/5 22:00,70.88571714,0.428571429,0.285714286,0.285714286,28.57142857,14.28571429,0.285714286,14.28571429
2024/4/5 23:00,67.54285714,0.428571429,0,0.285714286,25,14.28571429,0.285714286,21.42857143
2024/4/6 0:00,35.57142857,0.142857143,0,0.285714286,17.85714286,0,0.285714286,0
2024/4/6 1:00,70.91428429,0.428571429,0.142857143,0.142857143,17.85714286,28.57142857,0.142857143,17.85714286
2024/4/6 2:00,68.25714429,0.428571429,0.142857143,0.285714286,7.142857143,28.57142857,0.285714286,28.57142857
2024/4/6 3:00,36.82857143,0.142857143,0.142857143,0.142857143,0,14.28571429,0.142857143,14.28571429
2024/4/6 4:00,50.14285571,0.285714286,0,0.142857143,3.571428571,14.28571429,0.142857143,21.42857143
2024/4/6 5:00,82.79999714,0.428571429,0.142857143,0.142857143,14.28571429,32.14285714,0.142857143,35.71428571
2024/4/6 6:00,43.71428429,0.142857143,0,0.142857143,14.28571429,3.571428571,0.142857143,10.71428571
2024/4/6 7:00,65.2,0.428571429,0,0.142857143,21.42857143,14.28571429,0.142857143,25
2024/4/6 8:00,76.14286,0.285714286,0.142857143,0.285714286,28.57142857,21.42857143,0.285714286,14.28571429
2024/4/6 9:00,67.11428429,0.285714286,0.142857143,0.142857143,14.28571429,28.57142857,0.142857143,14.28571429
2024/4/6 10:00,105.17143,0.571428571,0.285714286,0.285714286,28.57142857,50,0.285714286,7.142857143
2024/4/6 11:00,80.31428571,0.428571429,0.142857143,0.142857143,28.57142857,28.57142857,0.142857143,14.28571429
2024/4/6 12:00,61.14285571,0.428571429,0,0.285714286,7.142857143,14.28571429,0.285714286,28.57142857
2024/4/6 13:00,58.8,0.285714286,0.142857143,0.142857143,10.71428571,14.28571429,0.142857143,14.28571429
2024/4/6 14:00,98.94285857,0.571428571,0.285714286,0.428571429,32.14285714,28.57142857,0.428571429,28.57142857
2024/4/6 15:00,143.7142871,0.714285714,0.428571429,0.285714286,28.57142857,60.71428571,0.285714286,42.85714286
2024/4/6 16:00,160.5999986,0.714285714,0.428571429,0.428571429,50,57.14285714,0.428571429,50
2024/4/6 17:00,126.3142871,0.857142857,0.571428571,0.285714286,35.71428571,50,0.285714286,28.57142857
2024/4/6 18:00,147.6,0.857142857,0.571428571,0.285714286,50,39.28571429,0.285714286,42.85714286
2024/4/6 19:00,110.17143,0.428571429,0.285714286,0.285714286,28.57142857,28.57142857,0.285714286,39.28571429
2024/4/6 20:00,84,0.571428571,0.142857143,0.285714286,21.42857143,28.57142857,0.285714286,21.42857143
2024/4/6 21:00,57.17142857,0.285714286,0.285714286,0.142857143,14.28571429,28.57142857,0.142857143,7.142857143
2024/4/6 22:00,67.77142571,0.285714286,0.142857143,0.142857143,14.28571429,28.57142857,0.142857143,21.42857143
2024/4/6 23:00,57.11428429,0.285714286,0,0.285714286,14.28571429,25,0.285714286,7.142857143
2024/4/7 0:00,62.05714143,0.428571429,0,0.285714286,10.71428571,14.28571429,0.285714286,21.42857143
2024/4/7 1:00,49.82857143,0.285714286,0,0.285714286,0,28.57142857,0.285714286,14.28571429
2024/4/7 2:00,72,0.571428571,0.142857143,0.142857143,14.28571429,35.71428571,0.142857143,14.28571429
2024/4/7 3:00,68.02857143,0.285714286,0.142857143,0.142857143,14.28571429,28.57142857,0.142857143,21.42857143
2024/4/7 4:00,89.34285571,0.428571429,0.285714286,0.428571429,32.14285714,28.57142857,0.428571429,21.42857143
2024/4/7 5:00,31.48571429,0.142857143,0,0,0,14.28571429,0,7.142857143
2024/4/7 6:00,63.05714286,0.285714286,0.285714286,0.285714286,14.28571429,21.42857143,0.285714286,21.42857143
2024/4/7 7:00,77.28571714,0.285714286,0.285714286,0.285714286,28.57142857,14.28571429,0.285714286,32.14285714
2024/4/7 8:00,47.00000143,0.142857143,0.142857143,0.142857143,10.71428571,14.28571429,0.142857143,14.28571429
2024/4/7 9:00,92.37142714,0.428571429,0.285714286,0.285714286,25,28.57142857,0.285714286,25
2024/4/7 10:00,101.5428571,0.714285714,0.285714286,0.285714286,28.57142857,28.57142857,0.285714286,35.71428571
2024/4/7 11:00,101.7714286,0.571428571,0.285714286,0.285714286,28.57142857,39.28571429,0.285714286,28.57142857
2024/4/7 12:00,109.4285743,0.571428571,0.428571429,0.285714286,14.28571429,50,0.285714286,25
2024/4/7 13:00,84.54285857,0.428571429,0.285714286,0.285714286,28.57142857,21.42857143,0.285714286,21.42857143
2024/4/7 14:00,85.02856857,0.285714286,0.285714286,0.428571429,14.28571429,28.57142857,0.428571429,28.57142857
2024/4/7 15:00,123.1428571,0.571428571,0.285714286,0.285714286,28.57142857,50,0.285714286,14.28571429
2024/4/7 16:00,147.5428571,0.714285714,0.428571429,0.285714286,35.71428571,57.14285714,0.285714286,39.28571429
2024/4/7 17:00,148.3428557,0.714285714,0.428571429,0.428571429,25,57.14285714,0.428571429,46.42857143
2024/4/7 18:00,129.6857114,0.714285714,0.571428571,0.285714286,28.57142857,57.14285714,0.285714286,39.28571429
2024/4/7 19:00,129.9142857,0.714285714,0.428571429,0.428571429,35.71428571,57.14285714,0.428571429,28.57142857
2024/4/7 20:00,140.6857157,0.714285714,0.571428571,0.285714286,42.85714286,64.28571429,0.285714286,28.57142857
2024/4/7 21:00,138.6,0.857142857,0.571428571,0.285714286,42.85714286,53.57142857,0.285714286,32.14285714
2024/4/7 22:00,162.14286,1,0.571428571,0.285714286,42.85714286,78.57142857,0.285714286,32.14285714
2024/4/7 23:00,70.54285571,0.285714286,0.142857143,0.142857143,14.28571429,25,0.142857143,21.42857143
2024/4/8 0:00,89.02857143,0.428571429,0.285714286,0.285714286,28.57142857,39.28571429,0.285714286,21.42857143
2024/4/8 1:00,56.48571429,0.428571429,0.142857143,0.142857143,10.71428571,14.28571429,0.142857143,21.42857143
2024/4/8 2:00,72.62857143,0.428571429,0.142857143,0.285714286,7.142857143,28.57142857,0.285714286,32.14285714
2024/4/8 3:00,80.22857,0.571428571,0.285714286,0.285714286,25,25,0.285714286,25
2024/4/8 4:00,39.48571286,0.142857143,0,0.142857143,7.142857143,14.28571429,0.142857143,7.142857143
2024/4/8 5:00,72.42856857,0.428571429,0.142857143,0.285714286,10.71428571,42.85714286,0.285714286,10.71428571
2024/4/8 6:00,63.94285714,0.285714286,0.142857143,0.142857143,28.57142857,14.28571429,0.142857143,14.28571429
2024/4/8 7:00,41.02857143,0.285714286,0.142857143,0,0,14.28571429,0,17.85714286
2024/4/8 8:00,78.85714,0.428571429,0.285714286,0.285714286,25,21.42857143,0.285714286,21.42857143
2024/4/8 9:00,80.31428571,0.285714286,0.142857143,0.142857143,21.42857143,17.85714286,0.142857143,21.42857143
2024/4/8 10:00,184.0857186,0.857142857,0.571428571,0.428571429,57.14285714,85.71428571,0.285714286,32.14285714
2024/4/8 11:00,132.7714271,0.714285714,0.285714286,0.428571429,50,42.85714286,0.285714286,35.71428571
2024/4/8 12:00,96.08571571,0.571428571,0.142857143,0.285714286,35.71428571,21.42857143,0.285714286,21.42857143
2024/4/8 13:00,96.88571571,0.428571429,0.285714286,0.285714286,28.57142857,42.85714286,0.285714286,21.42857143
2024/4/8 14:00,62.51428571,0.142857143,0.142857143,0.285714286,14.28571429,25,0.285714286,7.142857143
2024/4/8 15:00,139.3142871,0.571428571,0.428571429,0.285714286,28.57142857,57.14285714,0.285714286,42.85714286
2024/4/8 16:00,143.0857157,0.857142857,0.571428571,0.285714286,28.57142857,64.28571429,0.285714286,21.42857143
2024/4/8 17:00,90.82857143,0.428571429,0.428571429,0.285714286,28.57142857,35.71428571,0.285714286,0
2024/4/8 18:00,109.9142871,0.571428571,0.285714286,0.285714286,25,39.28571429,0.285714286,28.57142857
2024/4/8 19:00,128.45714,0.714285714,0.285714286,0.285714286,42.85714286,42.85714286,0.285714286,35.71428571
2024/4/8 20:00,119.1142829,0.571428571,0.285714286,0.285714286,28.57142857,50,0.285714286,35.71428571
2024/4/8 21:00,117.8571414,0.571428571,0.285714286,0.285714286,28.57142857,50,0.428571429,25
2024/4/8 22:00,78.85714571,0.428571429,0.285714286,0.142857143,17.85714286,28.57142857,0.285714286,21.42857143
2024/4/8 23:00,52.34285714,0.142857143,0.142857143,0.142857143,14.28571429,14.28571429,0.142857143,14.28571429
2024/4/9 0:00,84.51428714,0.714285714,0.285714286,0.142857143,28.57142857,21.42857143,0.142857143,21.42857143
2024/4/9 1:00,107.3142843,0.571428571,0.285714286,0.285714286,50,21.42857143,0.285714286,25
2024/4/9 2:00,68.42857143,0.285714286,0.285714286,0.142857143,28.57142857,14.28571429,0.142857143,17.85714286
2024/4/9 3:00,84.74285857,0.285714286,0.285714286,0.285714286,28.57142857,28.57142857,0.285714286,28.57142857
2024/4/9 4:00,70.97142857,0.285714286,0.142857143,0.285714286,14.28571429,28.57142857,0.285714286,28.57142857
2024/4/9 5:00,15.33333333,0,0,0,0,0,0.166666667,0
2024/4/9 6:00,72.37142714,0.428571429,0.285714286,0.142857143,21.42857143,17.85714286,0.142857143,28.57142857
2024/4/9 7:00,34.14285714,0.142857143,0.142857143,0.142857143,14.28571429,0,0.142857143,7.142857143
2024/4/9 8:00,80.62857286,0.285714286,0.285714286,0.285714286,25,28.57142857,0.285714286,28.57142857
2024/4/9 9:00,121.3142843,0.428571429,0.285714286,0.285714286,25,57.14285714,0.285714286,39.28571429
2024/4/9 10:00,100.97143,0.428571429,0.142857143,0.285714286,28.57142857,42.85714286,0.285714286,21.42857143
2024/4/9 11:00,90.37143286,0.428571429,0.142857143,0.142857143,28.57142857,35.71428571,0.142857143,21.42857143
2024/4/9 12:00,76.4,0.285714286,0.285714286,0.142857143,28.57142857,14.28571429,0.142857143,28.57142857
2024/4/9 13:00,69.08571429,0.285714286,0.142857143,0.285714286,10.71428571,28.57142857,0.285714286,17.85714286
2024/4/9 14:00,73.19999857,0.285714286,0.142857143,0.285714286,25,14.28571429,0.285714286,17.85714286
2024/4/9 15:00,87.34285714,0.428571429,0.142857143,0.142857143,21.42857143,28.57142857,0.285714286,21.42857143
2024/4/9 16:00,119.2571414,0.571428571,0.285714286,0.285714286,28.57142857,57.14285714,0.285714286,25
2024/4/9 17:00,118.6857143,0.571428571,0.285714286,0.285714286,42.85714286,46.42857143,0.285714286,21.42857143
2024/4/9 18:00,130.5714286,0.571428571,0.285714286,0.285714286,39.28571429,46.42857143,0.285714286,35.71428571
2024/4/9 19:00,113.6571414,0.571428571,0.142857143,0.285714286,32.14285714,46.42857143,0.285714286,21.42857143
2024/4/9 20:00,114.17143,0.571428571,0.285714286,0.285714286,28.57142857,57.14285714,0.285714286,21.42857143
2024/4/9 21:00,82.34285857,0.428571429,0.142857143,0.142857143,28.57142857,35.71428571,0.142857143,0
2024/4/9 22:00,79.82857286,0.571428571,0,0.285714286,14.28571429,28.57142857,0.285714286,21.42857143
2024/4/9 23:00,84.85714429,0.285714286,0.142857143,0.285714286,21.42857143,28.57142857,0.285714286,21.42857143
2024/4/10 0:00,54.45714286,0.142857143,0,0.142857143,14.28571429,14.28571429,0.142857143,0
2024/4/10 1:00,62.85714143,0.285714286,0,0.285714286,28.57142857,21.42857143,0.285714286,0
2024/4/10 2:00,29.02857143,0.142857143,0,0,0,14.28571429,0,7.142857143
2024/4/10 3:00,62.37142714,0.571428571,0.142857143,0.142857143,14.28571429,39.28571429,0.142857143,0
2024/4/10 4:00,92.8,0.714285714,0.142857143,0.285714286,10.71428571,21.42857143,0.285714286,46.42857143
2024/4/10 5:00,38.05714286,0.142857143,0.142857143,0.142857143,7.142857143,14.28571429,0.142857143,14.28571429
2024/4/10 6:00,66.57142714,0.428571429,0.142857143,0.142857143,25,21.42857143,0.142857143,21.42857143
2024/4/10 7:00,67.42857,0.428571429,0.142857143,0.142857143,17.85714286,28.57142857,0.142857143,21.42857143
2024/4/10 8:00,78.54285714,0.428571429,0.142857143,0.285714286,25,39.28571429,0.285714286,21.42857143
2024/4/10 9:00,107.8857157,0.571428571,0.285714286,0.285714286,35.71428571,32.14285714,0.285714286,28.57142857
2024/4/10 10:00,144.9999986,0.857142857,0.571428571,0.285714286,39.28571429,71.42857143,0.285714286,28.57142857
2024/4/10 11:00,138.3142843,0.857142857,0.571428571,0.285714286,42.85714286,57.14285714,0.285714286,39.28571429
2024/4/10 12:00,130.0571386,0.714285714,0.428571429,0.428571429,42.85714286,53.57142857,0.428571429,28.57142857
2024/4/10 13:00,92.766665,0.5,0.333333333,0.333333333,33.33333333,29.16666667,0.333333333,16.66666667
2024/4/10 14:00,99.85714286,0.714285714,0.285714286,0.285714286,21.42857143,28.57142857,0.285714286,28.57142857
2024/4/10 15:00,154.5142829,0.857142857,0.428571429,0.142857143,46.42857143,67.85714286,0.142857143,35.71428571
2024/4/10 16:00,139.4571443,0.714285714,0.428571429,0.285714286,32.14285714,64.28571429,0.285714286,35.71428571
2024/4/10 17:00,120.8857129,0.714285714,0.571428571,0.285714286,32.14285714,50,0.285714286,28.57142857
2024/4/10 18:00,159.5428543,0.714285714,0.428571429,0.142857143,39.28571429,71.42857143,0.142857143,57.14285714
2024/4/10 19:00,173.8857129,0.857142857,0.571428571,0.428571429,42.85714286,85.71428571,0.428571429,50
2024/4/10 20:00,132.1428571,0.714285714,0.285714286,0.428571429,35.71428571,46.42857143,0.428571429,39.28571429
2024/4/10 21:00,83.48571714,0.571428571,0.142857143,0.285714286,10.71428571,28.57142857,0.285714286,32.14285714
2024/4/10 22:00,92.57143143,0.571428571,0.428571429,0.142857143,25,42.85714286,0.428571429,21.42857143
2024/4/10 23:00,103.9428557,0.571428571,0.285714286,0.571428571,35.71428571,42.85714286,0.285714286,17.85714286
2024/4/11 0:00,73.57142714,0.428571429,0.285714286,0.285714286,14.28571429,25,0.285714286,28.57142857
2024/4/11 1:00,55.57143,0.285714286,0,0.285714286,25,3.571428571,0.285714286,14.28571429
2024/4/11 2:00,70.42857,0.428571429,0,0.285714286,25,14.28571429,0.285714286,28.57142857
2024/4/11 3:00,50.4,0.285714286,0.142857143,0.142857143,14.28571429,14.28571429,0.142857143,14.28571429
2024/4/11 4:00,44.45714286,0.285714286,0,0.142857143,0,14.28571429,0.142857143,17.85714286
2024/4/11 5:00,56.94285714,0.571428571,0.285714286,0.142857143,3.571428571,17.85714286,0.142857143,14.28571429
2024/4/11 6:00,107.3142857,0.857142857,0.571428571,0.285714286,0,71.42857143,0.285714286,17.85714286
2024/4/11 7:00,60.00000143,0.285714286,0.142857143,0.142857143,14.28571429,21.42857143,0.142857143,14.28571429
2024/4/11 8:00,91.02857143,0.428571429,0.285714286,0.285714286,32.14285714,25,0.285714286,28.57142857
2024/4/11 9:00,105.17143,0.571428571,0.285714286,0.285714286,39.28571429,32.14285714,0.285714286,28.57142857
2024/4/11 10:00,95.48571571,0.571428571,0.142857143,0.285714286,28.57142857,32.14285714,0.285714286,17.85714286
2024/4/11 11:00,130.5714271,0.714285714,0.571428571,0.285714286,42.85714286,53.57142857,0.285714286,21.42857143
2024/4/11 12:00,105.1428571,0.428571429,0.285714286,0.285714286,28.57142857,39.28571429,0.285714286,17.85714286
2024/4/11 13:00,77.45714571,0.428571429,0.285714286,0.285714286,14.28571429,25,0.285714286,25
2024/4/11 14:00,110.9428586,0.571428571,0.428571429,0.285714286,21.42857143,35.71428571,0.285714286,28.57142857
2024/4/11 15:00,165.5428514,0.714285714,0.428571429,0.285714286,28.57142857,71.42857143,0.285714286,28.57142857
2024/4/11 16:00,178.1142829,0.857142857,0.571428571,0.285714286,28.57142857,78.57142857,0.285714286,46.42857143
2024/4/11 17:00,201.4,1,0.857142857,0.285714286,35.71428571,100,0.285714286,57.14285714
2024/4/11 18:00,201.6857157,1,1,0.285714286,50,100,0.285714286,39.28571429
2024/4/11 19:00,147.9999971,0.857142857,0.857142857,0.142857143,25,82.14285714,0.142857143,28.57142857
2024/4/11 20:00,140.6857114,1,0.714285714,0.285714286,14.28571429,85.71428571,0.285714286,28.57142857
2024/4/11 21:00,138.37143,1,0.714285714,0.285714286,3.571428571,89.28571429,0.285714286,25
2024/4/11 22:00,93.17143,0.714285714,0.571428571,0,14.28571429,60.71428571,0.142857143,3.571428571
2024/4/11 23:00,95.6,0.714285714,0.428571429,0.285714286,42.85714286,10.71428571,0.285714286,28.57142857
2024/4/12 0:00,128.62857,0.857142857,0.571428571,0.285714286,14.28571429,64.28571429,0.285714286,28.57142857
2024/4/12 1:00,103.6000029,0.714285714,0.428571429,0.285714286,28.57142857,35.71428571,0.285714286,28.57142857
2024/4/12 2:00,80.25714286,0.428571429,0.428571429,0.285714286,14.28571429,39.28571429,0.285714286,21.42857143
2024/4/12 3:00,126.48571,0.571428571,0.428571429,0.428571429,42.85714286,53.57142857,0.428571429,28.57142857
2024/4/12 4:00,103.5428543,0.714285714,0.285714286,0.285714286,25,42.85714286,0.285714286,32.14285714
2024/4/12 5:00,88.08571286,0.571428571,0.285714286,0.285714286,25,25,0.285714286,39.28571429
2024/4/12 6:00,114.65714,0.714285714,0.285714286,0.285714286,46.42857143,32.14285714,0.285714286,35.71428571
2024/4/12 7:00,114.1428557,0.714285714,0.285714286,0.285714286,32.14285714,32.14285714,0.285714286,46.42857143
2024/4/12 8:00,96.37142857,0.714285714,0.285714286,0.285714286,39.28571429,28.57142857,0.285714286,28.57142857
2024/4/12 9:00,113.7428543,0.571428571,0.428571429,0.285714286,28.57142857,53.57142857,0.285714286,21.42857143
2024/4/12 10:00,153.5714271,0.714285714,0.571428571,0.285714286,25,71.42857143,0.285714286,46.42857143
2024/4/12 11:00,151.71429,0.714285714,0.571428571,0.285714286,32.14285714,67.85714286,0.285714286,35.71428571
2024/4/12 12:00,121.3142829,0.571428571,0.571428571,0.285714286,35.71428571,39.28571429,0.285714286,28.57142857
2024/4/12 13:00,115.4285686,0.571428571,0.285714286,0.285714286,28.57142857,42.85714286,0.285714286,21.42857143
2024/4/12 14:00,118.77143,0.571428571,0.428571429,0.285714286,35.71428571,14.28571429,0.285714286,39.28571429
2024/4/12 15:00,156.1142857,0.857142857,0.714285714,0.285714286,35.71428571,67.85714286,0.285714286,32.14285714
2024/4/12 16:00,207.1714314,1,0.714285714,0.285714286,35.71428571,100,0.285714286,53.57142857
2024/4/12 17:00,219.4857114,1,0.857142857,0.285714286,28.57142857,100,0.285714286,64.28571429
2024/4/12 18:00,196.4285686,1,0.857142857,0.428571429,35.71428571,64.28571429,0.428571429,64.28571429
2024/4/12 19:00,191.7142814,0.857142857,0.714285714,0.428571429,35.71428571,85.71428571,0.428571429,50
2024/4/12 20:00,214.0000029,1,0.714285714,0.428571429,71.42857143,71.42857143,0.428571429,71.42857143
2024/4/12 21:00,166.0857157,0.857142857,0.428571429,0.428571429,42.85714286,75,0.428571429,35.71428571
2024/4/12 22:00,100.42857,0.428571429,0.142857143,0.285714286,42.85714286,25,0.285714286,14.28571429
2024/4/12 23:00,139.4571429,0.714285714,0.285714286,0.428571429,42.85714286,50,0.285714286,25
2024/4/13 0:00,71.57143,0.285714286,0.142857143,0.142857143,14.28571429,28.57142857,0.142857143,17.85714286
2024/4/13 1:00,102.9142886,0.428571429,0.285714286,0.285714286,35.71428571,42.85714286,0.285714286,28.57142857
2024/4/13 2:00,50.31428571,0.285714286,0.142857143,0.142857143,14.28571429,21.42857143,0.142857143,7.142857143
2024/4/13 3:00,56.4,0.285714286,0.285714286,0.285714286,28.57142857,10.71428571,0.285714286,14.28571429
2024/4/13 4:00,57.34285857,0.285714286,0.285714286,0.285714286,28.57142857,10.71428571,0.285714286,14.28571429
2024/4/13 5:00,39.57142714,0.285714286,0,0.142857143,10.71428571,14.28571429,0.142857143,7.142857143
2024/4/13 6:00,67.05714143,0.285714286,0.142857143,0.142857143,14.28571429,32.14285714,0.142857143,14.28571429
2024/4/13 7:00,81.94285714,0.428571429,0.285714286,0.142857143,21.42857143,28.57142857,0.142857143,35.71428571
2024/4/13 8:00,52.74285857,0.428571429,0.285714286,0.142857143,14.28571429,14.28571429,0.142857143,21.42857143
2024/4/13 9:00,109.7428557,0.714285714,0.714285714,0.142857143,25,35.71428571,0.142857143,39.28571429
2024/4/13 10:00,217.6000043,1,0.857142857,0.428571429,50,67.85714286,0.428571429,78.57142857
2024/4/13 11:00,174.6285714,1,0.857142857,0.285714286,17.85714286,89.28571429,0.285714286,50
2024/4/13 12:00,136.4571443,0.857142857,0.857142857,0.285714286,14.28571429,85.71428571,0.285714286,28.57142857
2024/4/13 13:00,133.9142857,0.857142857,0.714285714,0.428571429,28.57142857,42.85714286,0.428571429,39.28571429
2024/4/13 14:00,173.97143,1,0.857142857,0.285714286,39.28571429,82.14285714,0.285714286,28.57142857
2024/4/13 15:00,150.2857143,0.571428571,0.571428571,0.285714286,42.85714286,46.42857143,0.285714286,28.57142857
2024/4/13 16:00,183.6857157,0.857142857,0.571428571,0.285714286,57.14285714,57.14285714,0.285714286,57.14285714
2024/4/13 17:00,161.2571443,0.857142857,0.714285714,0.142857143,28.57142857,67.85714286,0.142857143,42.85714286
2024/4/13 18:00,172.2571386,1,0.857142857,0.285714286,28.57142857,89.28571429,0.285714286,46.42857143
2024/4/13 19:00,131.9428557,0.714285714,0.428571429,0.285714286,14.28571429,71.42857143,0.285714286,39.28571429
2024/4/13 20:00,125.3428614,0.571428571,0.571428571,0.285714286,35.71428571,50,0.285714286,28.57142857
2024/4/13 21:00,119.2285729,0.714285714,0.428571429,0.285714286,28.57142857,46.42857143,0.285714286,28.57142857
2024/4/13 22:00,123.9714271,1,0.428571429,0.142857143,32.14285714,46.42857143,0.142857143,28.57142857
2024/4/13 23:00,116.0857114,0.571428571,0.285714286,0.285714286,28.57142857,50,0.285714286,21.42857143
2024/4/14 0:00,115.9428586,0.571428571,0.428571429,0.285714286,32.14285714,57.14285714,0.285714286,14.28571429
2024/4/14 1:00,105.3428571,0.571428571,0.285714286,0.285714286,28.57142857,42.85714286,0.285714286,32.14285714
2024/4/14 2:00,108,0.571428571,0.285714286,0.285714286,25,57.14285714,0.285714286,28.57142857
2024/4/14 3:00,72,0.428571429,0.142857143,0.142857143,28.57142857,17.85714286,0.142857143,14.28571429
2024/4/14 4:00,113.2857129,0.714285714,0.285714286,0.428571429,32.14285714,42.85714286,0.428571429,35.71428571
2024/4/14 5:00,84.59999857,0.428571429,0.285714286,0.285714286,25,28.57142857,0.285714286,28.57142857
2024/4/14 6:00,76.34285857,0.571428571,0.571428571,0.142857143,14.28571429,32.14285714,0.142857143,21.42857143
2024/4/14 7:00,85.11428286,0.571428571,0.428571429,0,35.71428571,17.85714286,0,21.42857143
2024/4/14 8:00,83.37142857,0.428571429,0.285714286,0.285714286,28.57142857,21.42857143,0.285714286,28.57142857
2024/4/14 9:00,134.77143,0.714285714,0.428571429,0.285714286,28.57142857,57.14285714,0.285714286,32.14285714
2024/4/14 10:00,168.0857171,1,0.714285714,0.428571429,25,89.28571429,0.428571429,42.85714286
2024/4/14 11:00,127.5428571,0.714285714,0.428571429,0.428571429,28.57142857,50,0.428571429,39.28571429
2024/4/14 12:00,99.65714,0.571428571,0.285714286,0.142857143,14.28571429,46.42857143,0.142857143,21.42857143
2024/4/14 13:00,76.28571286,0.428571429,0.142857143,0.285714286,28.57142857,21.42857143,0.285714286,10.71428571
2024/4/14 14:00,85.42857143,0.428571429,0.285714286,0.142857143,14.28571429,42.85714286,0.142857143,14.28571429
2024/4/14 15:00,126.1428586,0.857142857,0.571428571,0.285714286,28.57142857,75,0.285714286,14.28571429
2024/4/14 16:00,150.8857114,0.857142857,0.714285714,0.142857143,57.14285714,67.85714286,0.142857143,28.57142857
2024/4/14 17:00,146.1428586,0.857142857,0.571428571,0.285714286,42.85714286,67.85714286,0.285714286,35.71428571
2024/4/14 18:00,121.7142843,0.714285714,0.428571429,0.285714286,28.57142857,53.57142857,0.285714286,25
2024/4/14 19:00,144.2285757,1,0.714285714,0.285714286,42.85714286,57.14285714,0.285714286,32.14285714
2024/4/14 20:00,116.1142857,0.571428571,0.428571429,0.285714286,21.42857143,50,0.285714286,25
2024/4/14 21:00,140.5142857,0.714285714,0.428571429,0.285714286,32.14285714,71.42857143,0.285714286,25
2024/4/14 22:00,118.7142871,0.714285714,0.285714286,0.285714286,28.57142857,60.71428571,0.285714286,21.42857143
2024/4/14 23:00,119.2571429,0.714285714,0.571428571,0.285714286,28.57142857,46.42857143,0.285714286,28.57142857
2024/4/15 0:00,132.65714,0.857142857,0.428571429,0.285714286,32.14285714,71.42857143,0.285714286,17.85714286
2024/4/15 1:00,94.31428286,0.428571429,0.285714286,0.285714286,21.42857143,42.85714286,0.285714286,28.57142857
2024/4/15 2:00,88.91428429,0.428571429,0.285714286,0.285714286,28.57142857,35.71428571,0.285714286,21.42857143
2024/4/15 3:00,91.91428429,0.428571429,0.285714286,0.285714286,28.57142857,42.85714286,0.285714286,21.42857143
2024/4/15 4:00,70.05714286,0.285714286,0.285714286,0.285714286,17.85714286,28.57142857,0.285714286,14.28571429
2024/4/15 5:00,70.45714,0.428571429,0.142857143,0.285714286,17.85714286,21.42857143,0.285714286,21.42857143
2024/4/15 6:00,65.31428571,0.428571429,0.285714286,0.285714286,14.28571429,25,0.285714286,14.28571429
2024/4/15 7:00,79.88571714,0.428571429,0.142857143,0.142857143,14.28571429,28.57142857,0.142857143,35.71428571
2024/4/15 8:00,83.22857143,0.571428571,0.285714286,0.285714286,21.42857143,35.71428571,0.285714286,21.42857143
2024/4/15 9:00,109.8285729,0.714285714,0.428571429,0.285714286,0,42.85714286,0.285714286,53.57142857
2024/4/15 10:00,157.77143,0.857142857,0.714285714,0.285714286,10.71428571,85.71428571,0.285714286,57.14285714
2024/4/15 11:00,162.6571429,1,0.714285714,0.285714286,28.57142857,100,0.285714286,28.57142857
2024/4/15 12:00,129.4857129,0.571428571,0.428571429,0.285714286,28.57142857,57.14285714,0.285714286,25
2024/4/15 13:00,106.6857143,0.571428571,0.428571429,0.285714286,35.71428571,42.85714286,0.285714286,25
2024/4/15 14:00,78.57143143,0.428571429,0.285714286,0.285714286,7.142857143,28.57142857,0.285714286,28.57142857
2024/4/15 15:00,160.9714286,0.857142857,0.714285714,0.285714286,25,75,0.285714286,50
2024/4/15 16:00,213.4333317,1,0.833333333,0.5,70.83333333,66.66666667,0.5,70.83333333
2024/4/15 17:00,162.85714,0.857142857,0.571428571,0.571428571,21.42857143,82.14285714,0.285714286,42.85714286
2024/4/15 18:00,142.62857,0.714285714,0.714285714,0.285714286,39.28571429,50,0.285714286,35.71428571
2024/4/15 19:00,179.5999943,0.857142857,0.571428571,0.285714286,42.85714286,64.28571429,0.285714286,57.14285714
2024/4/15 20:00,137.1142857,0.714285714,0.428571429,0.428571429,39.28571429,53.57142857,0.428571429,28.57142857
2024/4/15 21:00,129.9428614,0.714285714,0.285714286,0.285714286,35.71428571,64.28571429,0.285714286,21.42857143
2024/4/15 22:00,88.20000143,0.571428571,0.142857143,0.285714286,28.57142857,35.71428571,0.285714286,14.28571429
2024/4/15 23:00,63.77143,0.285714286,0,0.285714286,28.57142857,17.85714286,0.285714286,0
2024/4/16 0:00,84.05714,0.285714286,0.285714286,0.285714286,28.57142857,28.57142857,0.285714286,25
2024/4/16 1:00,85.99999714,0.428571429,0.285714286,0.285714286,35.71428571,17.85714286,0.285714286,28.57142857
2024/4/16 2:00,87.02857286,0.428571429,0.142857143,0.285714286,28.57142857,35.71428571,0.285714286,21.42857143
2024/4/16 3:00,62.82857143,0.428571429,0.142857143,0.285714286,14.28571429,21.42857143,0.285714286,14.28571429
2024/4/16 4:00,57.08571429,0.285714286,0.142857143,0,7.142857143,17.85714286,0,14.28571429
2024/4/16 5:00,74.31428714,0.428571429,0.142857143,0.285714286,14.28571429,42.85714286,0.285714286,14.28571429
2024/4/16 6:00,46.57142857,0.285714286,0,0.142857143,14.28571429,14.28571429,0.142857143,7.142857143
2024/4/16 7:00,70.74285571,0.285714286,0.142857143,0.285714286,28.57142857,28.57142857,0.285714286,10.71428571
2024/4/16 8:00,58.82857143,0.285714286,0.142857143,0.285714286,14.28571429,28.57142857,0.285714286,7.142857143
2024/4/16 9:00,98.57143,0.571428571,0.142857143,0.142857143,35.71428571,25,0.142857143,21.42857143
2024/4/16 10:00,130.2000014,0.714285714,0.285714286,0.285714286,35.71428571,57.14285714,0.285714286,35.71428571
2024/4/16 11:00,116.8285729,0.571428571,0.285714286,0.285714286,46.42857143,50,0.285714286,7.142857143
2024/4/16 12:00,93.77142714,0.428571429,0.142857143,0.142857143,35.71428571,21.42857143,0.142857143,28.57142857
2024/4/16 13:00,113.4571443,0.714285714,0.428571429,0.142857143,35.71428571,35.71428571,0.142857143,35.71428571
2024/4/16 14:00,94.28571571,0.428571429,0.428571429,0.285714286,28.57142857,39.28571429,0.285714286,21.42857143
2024/4/16 15:00,171.2000029,0.714285714,0.428571429,0.428571429,35.71428571,64.28571429,0.428571429,46.42857143
2024/4/16 16:00,198.2857129,1,0.714285714,0.428571429,32.14285714,89.28571429,0.428571429,57.14285714
2024/4/16 17:00,218.0000057,1,0.857142857,0.428571429,42.85714286,100,0.428571429,78.57142857
2024/4/16 18:00,133.3999986,0.714285714,0.285714286,0.285714286,35.71428571,53.57142857,0.285714286,21.42857143
2024/4/16 19:00,143.1142871,0.714285714,0.428571429,0.571428571,42.85714286,57.14285714,0.571428571,35.71428571
2024/4/16 20:00,119.3142857,0.714285714,0.428571429,0.285714286,28.57142857,50,0.285714286,35.71428571
2024/4/16 21:00,113.5428557,0.571428571,0.285714286,0.285714286,32.14285714,28.57142857,0.285714286,42.85714286
2024/4/16 22:00,82.80000143,0.428571429,0.142857143,0.142857143,14.28571429,42.85714286,0.142857143,21.42857143
2024/4/16 23:00,80.59999857,0.428571429,0.142857143,0.142857143,17.85714286,28.57142857,0.142857143,28.57142857
2024/4/17 0:00,68.28571429,0.285714286,0.285714286,0.285714286,14.28571429,21.42857143,0.285714286,28.57142857
2024/4/17 1:00,81.57142714,0.428571429,0.285714286,0.285714286,21.42857143,21.42857143,0.285714286,28.57142857
2024/4/17 2:00,54.85714286,0.285714286,0,0.142857143,14.28571429,0,0.142857143,28.57142857
2024/4/17 3:00,72.74285429,0.428571429,0.285714286,0.142857143,28.57142857,25,0.142857143,14.28571429
2024/4/17 4:00,15.51428571,0,0,0.142857143,0,0,0.142857143,0
2024/4/17 5:00,73.82857143,0.428571429,0.142857143,0.142857143,10.71428571,28.57142857,0.142857143,28.57142857
2024/4/17 6:00,55.42857429,0.285714286,0,0.142857143,7.142857143,14.28571429,0.142857143,25
2024/4/17 7:00,22.05714286,0,0,0.142857143,0,0,0.142857143,7.142857143
2024/4/17 8:00,58.51428571,0.285714286,0,0.142857143,14.28571429,21.42857143,0.142857143,14.28571429
2024/4/17 9:00,116.1428557,0.714285714,0.428571429,0.285714286,28.57142857,35.71428571,0.285714286,46.42857143
2024/4/17 10:00,127.5714243,0.857142857,0.428571429,0,28.57142857,53.57142857,0,39.28571429
2024/4/17 11:00,124.0571429,0.571428571,0.285714286,0.285714286,42.85714286,46.42857143,0.142857143,21.42857143
2024/4/17 12:00,127.8,0.714285714,0.428571429,0.285714286,53.57142857,28.57142857,0.285714286,35.71428571
2024/4/17 13:00,98.77142714,0.428571429,0.285714286,0.428571429,28.57142857,25,0.285714286,28.57142857
2024/4/17 14:00,132.6000014,0.714285714,0.571428571,0.285714286,32.14285714,50,0.285714286,35.71428571
2024/4/17 15:00,155.11429,0.857142857,0.857142857,0.285714286,39.28571429,60.71428571,0.285714286,28.57142857
2024/4/17 16:00,182,0.857142857,0.714285714,0.428571429,53.57142857,60.71428571,0.428571429,57.14285714
2024/4/17 17:00,132.2857114,0.714285714,0.571428571,0.142857143,28.57142857,50,0.142857143,42.85714286
2024/4/17 18:00,121.08571,0.571428571,0.571428571,0.142857143,14.28571429,57.14285714,0.142857143,42.85714286
2024/4/17 19:00,129.9714286,0.714285714,0.428571429,0.285714286,28.57142857,71.42857143,0.285714286,28.57142857
2024/4/17 20:00,155.0857143,0.857142857,0.428571429,0.285714286,35.71428571,71.42857143,0.285714286,46.42857143
2024/4/17 21:00,177.4285714,1,0.571428571,0.428571429,46.42857143,85.71428571,0.428571429,39.28571429
2024/4/17 22:00,143.3142857,0.714285714,0.428571429,0.285714286,42.85714286,64.28571429,0.285714286,32.14285714
2024/4/17 23:00,60.14285714,0.428571429,0.142857143,0.285714286,21.42857143,14.28571429,0.285714286,14.28571429
2024/4/18 0:00,75.31428429,0.428571429,0.142857143,0.142857143,17.85714286,28.57142857,0.142857143,21.42857143
2024/4/18 1:00,95.51428571,0.571428571,0.428571429,0.285714286,28.57142857,32.14285714,0.428571429,28.57142857
2024/4/18 2:00,102.9142857,0.571428571,0.428571429,0.285714286,57.14285714,17.85714286,0.285714286,21.42857143
2024/4/18 3:00,84.05714143,0.428571429,0.285714286,0.142857143,14.28571429,35.71428571,0.142857143,35.71428571
2024/4/18 4:00,36.97142857,0.142857143,0.142857143,0.142857143,14.28571429,0,0.142857143,14.28571429
2024/4/18 5:00,64.51428429,0.285714286,0.142857143,0.285714286,28.57142857,14.28571429,0.285714286,14.28571429
2024/4/18 6:00,69.22857,0.285714286,0.142857143,0.285714286,14.28571429,28.57142857,0.285714286,21.42857143
2024/4/18 7:00,51.48571571,0.285714286,0,0.142857143,14.28571429,21.42857143,0.142857143,7.142857143
2024/4/18 8:00,58.97143,0.142857143,0.142857143,0.285714286,21.42857143,10.71428571,0.285714286,14.28571429
2024/4/18 9:00,81.77143143,0.285714286,0.285714286,0.142857143,17.85714286,28.57142857,0.142857143,21.42857143
2024/4/18 10:00,112.2,0.714285714,0.428571429,0.285714286,25,53.57142857,0.285714286,25
2024/4/18 11:00,146.3999971,0.857142857,0.714285714,0.285714286,21.42857143,67.85714286,0.285714286,35.71428571
2024/4/18 12:00,190.3714286,1,0.857142857,0.285714286,78.57142857,42.85714286,0.285714286,46.42857143
2024/4/18 13:00,142.4000014,0.571428571,0.428571429,0.285714286,50,46.42857143,0.285714286,35.71428571
2024/4/18 14:00,73.17143,0.571428571,0.285714286,0.285714286,14.28571429,32.14285714,0.285714286,14.28571429
2024/4/18 15:00,159.6571414,0.714285714,0.571428571,0.428571429,25,60.71428571,0.428571429,50
2024/4/18 16:00,179.5142829,0.714285714,0.714285714,0.428571429,32.14285714,57.14285714,0.428571429,50
2024/4/18 17:00,198.3428529,1,0.714285714,0.428571429,57.14285714,75,0.428571429,42.85714286
2024/4/18 18:00,150.6571443,0.714285714,0.571428571,0.428571429,35.71428571,50,0.428571429,21.42857143
2024/4/18 19:00,157.6857171,0.714285714,0.571428571,0.285714286,35.71428571,57.14285714,0.285714286,46.42857143
2024/4/18 20:00,139.6,0.714285714,0.571428571,0.285714286,35.71428571,64.28571429,0.285714286,35.71428571
2024/4/18 21:00,127.4857171,0.714285714,0.428571429,0.285714286,32.14285714,57.14285714,0.285714286,21.42857143
2024/4/18 22:00,118.3999986,0.714285714,0.428571429,0.285714286,14.28571429,57.14285714,0.285714286,35.71428571
2024/4/18 23:00,115.3714329,0.571428571,0.285714286,0.285714286,17.85714286,46.42857143,0.285714286,25
2024/4/19 0:00,105.9999986,0.714285714,0.285714286,0.285714286,28.57142857,32.14285714,0.285714286,32.14285714
2024/4/19 1:00,84.82857143,0.285714286,0.285714286,0.285714286,28.57142857,28.57142857,0.285714286,17.85714286
2024/4/19 2:00,86.82857143,0.428571429,0.285714286,0.285714286,28.57142857,42.85714286,0.285714286,14.28571429
2024/4/19 3:00,83.34285714,0.571428571,0.428571429,0.285714286,25,0,0.285714286,42.85714286
2024/4/19 4:00,82.91428714,0.571428571,0.285714286,0.285714286,17.85714286,14.28571429,0.285714286,32.14285714
2024/4/19 5:00,106.9142843,0.428571429,0.285714286,0.285714286,28.57142857,14.28571429,0.285714286,53.57142857
2024/4/19 6:00,72.2,0.428571429,0.428571429,0.142857143,28.57142857,7.142857143,0.142857143,35.71428571
2024/4/19 7:00,75.91428714,0.428571429,0.285714286,0.285714286,28.57142857,17.85714286,0.285714286,21.42857143
2024/4/19 8:00,44.8,0.285714286,0.142857143,0.142857143,0,28.57142857,0.142857143,7.142857143
2024/4/19 9:00,46.05714429,0.142857143,0.142857143,0.285714286,14.28571429,14.28571429,0.285714286,0
2024/4/19 10:00,140.6571429,0.714285714,0.428571429,0.285714286,42.85714286,53.57142857,0.285714286,35.71428571
2024/4/19 11:00,139.9428557,0.714285714,0.428571429,0.285714286,42.85714286,57.14285714,0.285714286,28.57142857
2024/4/19 12:00,132.1428571,0.571428571,0.428571429,0.285714286,28.57142857,42.85714286,0.285714286,35.71428571
2024/4/19 13:00,120.8571429,0.714285714,0.285714286,0.285714286,14.28571429,57.14285714,0.285714286,28.57142857
2024/4/19 14:00,101.1142857,0.428571429,0.285714286,0.285714286,14.28571429,42.85714286,0.428571429,17.85714286
2024/4/19 15:00,124.6285729,0.428571429,0.428571429,0.428571429,28.57142857,28.57142857,0.428571429,42.85714286
2024/4/19 16:00,144.9142857,0.714285714,0.714285714,0.285714286,25,57.14285714,0.285714286,50
2024/4/19 17:00,161.1142857,0.857142857,0.714285714,0.285714286,28.57142857,75,0.285714286,42.85714286
2024/4/19 18:00,116.9714286,0.857142857,0.714285714,0.285714286,17.85714286,42.85714286,0.285714286,42.85714286
2024/4/19 19:00,139.0000029,0.714285714,0.714285714,0.285714286,35.71428571,50,0.285714286,28.57142857
2024/4/19 20:00,149.1428571,1,0.714285714,0.285714286,21.42857143,71.42857143,0.285714286,50
2024/4/19 21:00,147.8285729,0.857142857,0.571428571,0.285714286,42.85714286,50,0.285714286,35.71428571
2024/4/19 22:00,146.57143,0.714285714,0.428571429,0.285714286,46.42857143,60.71428571,0.285714286,28.57142857
2024/4/19 23:00,68.34285857,0.285714286,0.285714286,0.285714286,25,28.57142857,0.285714286,0
2024/4/20 0:00,83.99999714,0.285714286,0.285714286,0.285714286,28.57142857,25,0.285714286,21.42857143
2024/4/20 1:00,74.60000143,0.428571429,0.285714286,0.285714286,14.28571429,28.57142857,0.285714286,14.28571429
2024/4/20 2:00,64.74285857,0.142857143,0.142857143,0.285714286,14.28571429,28.57142857,0.285714286,14.28571429
2024/4/20 3:00,68.91428714,0.285714286,0.142857143,0.142857143,14.28571429,28.57142857,0.142857143,21.42857143
2024/4/20 4:00,47.37142714,0.142857143,0.142857143,0.285714286,0,21.42857143,0.285714286,14.28571429
2024/4/20 5:00,45.54285714,0.285714286,0,0.142857143,14.28571429,7.142857143,0.142857143,10.71428571
2024/4/20 6:00,83.45714571,0.285714286,0.285714286,0.142857143,25,28.57142857,0.142857143,28.57142857
2024/4/20 7:00,74.17142857,0.285714286,0.285714286,0.285714286,7.142857143,39.28571429,0.285714286,25
2024/4/20 8:00,106.8571443,0.428571429,0.428571429,0.285714286,25,28.57142857,0.428571429,53.57142857
2024/4/20 9:00,137.17143,0.714285714,0.428571429,0.428571429,39.28571429,57.14285714,0.142857143,42.85714286
2024/4/20 10:00,136.8571443,0.857142857,0.571428571,0.428571429,28.57142857,75,0.285714286,28.57142857
2024/4/20 11:00,133.5428571,0.714285714,0.428571429,0.285714286,28.57142857,60.71428571,0.142857143,32.14285714
2024/4/20 12:00,106.6,0.428571429,0.285714286,0.285714286,28.57142857,42.85714286,0.285714286,28.57142857
2024/4/20 13:00,87.65714143,0.571428571,0.285714286,0.285714286,7.142857143,39.28571429,0.285714286,28.57142857
2024/4/20 14:00,107.22857,0.428571429,0.428571429,0.285714286,28.57142857,42.85714286,0.285714286,28.57142857
2024/4/20 15:00,142.1142829,0.571428571,0.428571429,0.428571429,28.57142857,53.57142857,0.428571429,32.14285714
2024/4/20 16:00,169.8,1,0.571428571,0.428571429,35.71428571,82.14285714,0.428571429,39.28571429
2024/4/20 17:00,166.3999986,0.857142857,0.571428571,0.285714286,35.71428571,82.14285714,0.285714286,21.42857143
2024/4/20 18:00,130.7142857,0.571428571,0.428571429,0.285714286,14.28571429,71.42857143,0.285714286,28.57142857
2024/4/20 19:00,171.5142871,1,0.714285714,0.285714286,53.57142857,75,0.285714286,28.57142857
2024/4/20 20:00,171.88571,1,0.571428571,0.428571429,46.42857143,75,0.428571429,35.71428571
2024/4/20 21:00,194.7999971,1,0.571428571,0.714285714,46.42857143,85.71428571,0.714285714,67.85714286
2024/4/20 22:00,155.0857143,0.857142857,0.285714286,0.571428571,35.71428571,57.14285714,0.571428571,50
2024/4/20 23:00,99.42857429,0.571428571,0.285714286,0.714285714,35.71428571,14.28571429,0.714285714,32.14285714
2024/4/21 0:00,97.48571571,0.571428571,0.571428571,0.428571429,25,21.42857143,0.428571429,42.85714286
2024/4/21 1:00,86.6,0.571428571,0.428571429,0.285714286,21.42857143,21.42857143,0.285714286,35.71428571
2024/4/21 2:00,90.11428571,0.428571429,0.428571429,0.285714286,28.57142857,39.28571429,0.285714286,21.42857143
2024/4/21 3:00,74.85714286,0.285714286,0.142857143,0.285714286,28.57142857,14.28571429,0.285714286,28.57142857
2024/4/21 4:00,100.2000014,0.428571429,0.285714286,0.428571429,25,42.85714286,0.428571429,32.14285714
2024/4/21 5:00,114.4571443,0.714285714,0.571428571,0.571428571,39.28571429,21.42857143,0.571428571,57.14285714
2024/4/21 6:00,81.22857143,0.571428571,0.142857143,0.285714286,21.42857143,21.42857143,0.285714286,35.71428571
2024/4/21 7:00,70.22857143,0.428571429,0.142857143,0.285714286,14.28571429,14.28571429,0.285714286,42.85714286
2024/4/21 8:00,69.4,0.285714286,0.142857143,0.285714286,25,14.28571429,0.285714286,25
2024/4/21 9:00,110.4571443,0.714285714,0.428571429,0.285714286,28.57142857,64.28571429,0.285714286,14.28571429
2024/4/21 10:00,109.9999971,0.714285714,0.571428571,0.428571429,28.57142857,46.42857143,0.428571429,21.42857143
2024/4/21 11:00,143.65714,0.857142857,0.571428571,0.428571429,35.71428571,50,0.428571429,50
2024/4/21 12:00,137.9714314,0.714285714,0.428571429,0.428571429,35.71428571,57.14285714,0.428571429,35.71428571
2024/4/21 13:00,126.8857157,0.571428571,0.428571429,0.428571429,50,42.85714286,0.428571429,28.57142857
2024/4/21 14:00,92.94285571,0.714285714,0.428571429,0.428571429,25,28.57142857,0.428571429,32.14285714
2024/4/21 15:00,157.9428543,1,0.571428571,0.428571429,42.85714286,57.14285714,0.428571429,39.28571429
2024/4/21 16:00,176.7999957,1,0.571428571,0.428571429,57.14285714,50,0.428571429,50
2024/4/21 17:00,122.5428571,0.571428571,0.428571429,0.285714286,42.85714286,39.28571429,0.285714286,28.57142857
2024/4/21 18:00,70.14285571,0.428571429,0.428571429,0.142857143,0,28.57142857,0.142857143,21.42857143
2024/4/21 19:00,96.22857,0.571428571,0.428571429,0.142857143,25,35.71428571,0.142857143,25
2024/4/21 20:00,103.7142843,0.285714286,0.285714286,0.285714286,39.28571429,28.57142857,0.285714286,28.57142857
2024/4/21 21:00,90.97142857,0.428571429,0.285714286,0.285714286,28.57142857,25,0.142857143,28.57142857
2024/4/21 22:00,79.54285714,0.285714286,0.285714286,0.428571429,25,21.42857143,0.285714286,28.57142857
2024/4/21 23:00,86.88571714,0.285714286,0.285714286,0.428571429,39.28571429,28.57142857,0.428571429,21.42857143
2024/4/22 0:00,84.71428714,0.285714286,0.285714286,0.285714286,28.57142857,28.57142857,0.285714286,25
2024/4/22 1:00,89.25714286,0.285714286,0.285714286,0.285714286,28.57142857,35.71428571,0.285714286,28.57142857
2024/4/22 2:00,49.25714143,0.285714286,0.142857143,0.285714286,0,28.57142857,0.285714286,3.571428571
2024/4/22 3:00,45.17142857,0.142857143,0.142857143,0.142857143,0,14.28571429,0.142857143,0
2024/4/22 4:00,88.85714429,0.428571429,0.285714286,0.142857143,25,39.28571429,0.285714286,21.42857143
2024/4/22 5:00,114.2285743,0.571428571,0.428571429,0.142857143,25,57.14285714,0.571428571,32.14285714
2024/4/22 6:00,74.97142714,0.571428571,0.285714286,0.142857143,17.85714286,50,0.142857143,0
2024/4/22 7:00,45.85714286,0.285714286,0.285714286,0,14.28571429,21.42857143,0.142857143,0
2024/4/22 8:00,102.4285714,0.571428571,0.285714286,0.285714286,35.71428571,39.28571429,0.285714286,28.57142857
2024/4/22 9:00,90.22857143,0.428571429,0.142857143,0.285714286,35.71428571,14.28571429,0.285714286,14.28571429
2024/4/22 10:00,161.82857,0.857142857,0.571428571,0.285714286,46.42857143,60.71428571,0.285714286,42.85714286
2024/4/22 11:00,140.8857157,0.714285714,0.714285714,0.285714286,28.57142857,64.28571429,0.285714286,32.14285714
2024/4/22 12:00,151.7666633,0.666666667,0.666666667,0.166666667,41.66666667,66.66666667,0.166666667,41.66666667
2024/4/22 13:00,86.37142571,0.285714286,0.285714286,0.285714286,14.28571429,28.57142857,0.285714286,28.57142857
2024/4/22 14:00,109.7142857,0.571428571,0.571428571,0.428571429,14.28571429,53.57142857,0.428571429,21.42857143
2024/4/22 15:00,160.74286,0.714285714,0.714285714,0.428571429,17.85714286,67.85714286,0.428571429,35.71428571
2024/4/22 16:00,210.6571471,1,0.857142857,0.428571429,67.85714286,71.42857143,0.428571429,60.71428571
2024/4/22 17:00,176.2857157,0.857142857,0.714285714,0.428571429,42.85714286,78.57142857,0.428571429,50
2024/4/22 18:00,165.1142871,0.714285714,0.571428571,0.428571429,57.14285714,60.71428571,0.428571429,42.85714286
2024/4/22 19:00,158.9428586,0.714285714,0.571428571,0.428571429,42.85714286,57.14285714,0.428571429,57.14285714
2024/4/22 20:00,172.45714,0.714285714,0.571428571,0.428571429,50,71.42857143,0.428571429,50
2024/4/22 21:00,171.5142857,0.714285714,0.714285714,0.428571429,42.85714286,71.42857143,0.428571429,50
2024/4/22 22:00,110.1999986,0.571428571,0.571428571,0.428571429,25,42.85714286,0.428571429,25
2024/4/22 23:00,110.5142829,0.428571429,0.285714286,0.285714286,28.57142857,39.28571429,0.285714286,28.57142857
2024/4/23 0:00,112.0857171,0.571428571,0.428571429,0.285714286,35.71428571,39.28571429,0.285714286,28.57142857
2024/4/23 1:00,102.9142886,0.571428571,0.428571429,0.285714286,32.14285714,28.57142857,0.285714286,28.57142857
2024/4/23 2:00,77.08571429,0.571428571,0.142857143,0.285714286,25,10.71428571,0.285714286,28.57142857
2024/4/23 3:00,86.22857143,0.428571429,0.428571429,0.285714286,10.71428571,28.57142857,0.285714286,42.85714286
2024/4/23 4:00,64.05714286,0.285714286,0.142857143,0.142857143,3.571428571,28.57142857,0.142857143,17.85714286
2024/4/23 5:00,145.3714271,0.714285714,0.571428571,0.571428571,46.42857143,57.14285714,0.571428571,32.14285714
2024/4/23 6:00,108.4285686,0.571428571,0.285714286,0.285714286,35.71428571,35.71428571,0.285714286,32.14285714
2024/4/23 7:00,102.7142829,0.571428571,0.428571429,0.285714286,39.28571429,28.57142857,0.285714286,35.71428571
2024/4/23 8:00,84.31428714,0.428571429,0.142857143,0.142857143,28.57142857,32.14285714,0.142857143,21.42857143
2024/4/23 9:00,115.8285729,0.714285714,0.142857143,0.285714286,35.71428571,46.42857143,0.285714286,28.57142857
2024/4/23 10:00,127.1428571,0.714285714,0.428571429,0.285714286,21.42857143,64.28571429,0.285714286,28.57142857
2024/4/23 11:00,138.1714257,0.714285714,0.428571429,0.285714286,53.57142857,46.42857143,0.285714286,21.42857143
2024/4/23 12:00,107.0857129,0.571428571,0.285714286,0.285714286,28.57142857,53.57142857,0.285714286,21.42857143
2024/4/23 13:00,76.4,0.428571429,0.428571429,0.142857143,14.28571429,14.28571429,0.142857143,42.85714286
2024/4/23 14:00,73.54285571,0.285714286,0.285714286,0.285714286,14.28571429,28.57142857,0.285714286,28.57142857
2024/4/23 15:00,102.5999986,0.428571429,0.142857143,0.285714286,14.28571429,42.85714286,0.285714286,32.14285714
2024/4/23 16:00,157.6857143,0.714285714,0.428571429,0.428571429,42.85714286,57.14285714,0.428571429,42.85714286
2024/4/23 17:00,116.4285743,0.714285714,0.285714286,0.285714286,28.57142857,42.85714286,0.285714286,32.14285714
2024/4/23 18:00,143.1714286,0.857142857,0.428571429,0.285714286,39.28571429,67.85714286,0.285714286,32.14285714
2024/4/23 19:00,138.2857143,0.714285714,0.428571429,0.285714286,39.28571429,50,0.142857143,42.85714286
2024/4/23 20:00,127.0857114,0.714285714,0.571428571,0.285714286,39.28571429,60.71428571,0.285714286,21.42857143
2024/4/23 21:00,131.2,0.714285714,0.285714286,0.142857143,39.28571429,57.14285714,0.285714286,35.71428571
2024/4/23 22:00,92.08571286,0.428571429,0.142857143,0.285714286,28.57142857,28.57142857,0.285714286,21.42857143
2024/4/23 23:00,62.28571286,0.142857143,0.142857143,0.142857143,14.28571429,28.57142857,0.142857143,14.28571429
2024/4/24 0:00,80.51428571,0.285714286,0.285714286,0.142857143,28.57142857,28.57142857,0.142857143,17.85714286
2024/4/24 1:00,37.68571429,0.428571429,0.142857143,0,0,14.28571429,0,14.28571429
2024/4/24 2:00,71.74285714,0.428571429,0.142857143,0.285714286,14.28571429,17.85714286,0.285714286,21.42857143
2024/4/24 3:00,55,0.285714286,0.142857143,0,21.42857143,14.28571429,0,14.28571429
2024/4/24 4:00,71.14285714,0.285714286,0.142857143,0.285714286,14.28571429,28.57142857,0.285714286,21.42857143
2024/4/24 5:00,72.14285429,0.285714286,0.142857143,0.285714286,14.28571429,28.57142857,0.285714286,21.42857143
2024/4/24 6:00,37.34285714,0.142857143,0,0.142857143,0,14.28571429,0.142857143,14.28571429
2024/4/24 7:00,71.97142857,0.285714286,0.285714286,0.285714286,25,25,0.285714286,14.28571429
2024/4/24 8:00,95.77143,0.571428571,0.428571429,0.142857143,25,32.14285714,0.142857143,32.14285714
2024/4/24 9:00,106.3142871,0.714285714,0.428571429,0.142857143,3.571428571,60.71428571,0.142857143,17.85714286
2024/4/24 10:00,146.2571443,0.857142857,0.857142857,0.285714286,57.14285714,64.28571429,0.285714286,14.28571429
2024/4/24 11:00,125.2571457,0.714285714,0.571428571,0,42.85714286,39.28571429,0.428571429,28.57142857
2024/4/24 12:00,155.9714286,0.857142857,0.571428571,0.428571429,42.85714286,53.57142857,0.285714286,53.57142857
2024/4/24 13:00,60.68571286,0.285714286,0.285714286,0.285714286,14.28571429,25,0.142857143,14.28571429
2024/4/24 14:00,79.68571429,0.428571429,0.285714286,0.285714286,21.42857143,14.28571429,0.285714286,28.57142857
2024/4/24 15:00,106.3142843,0.428571429,0.285714286,0.428571429,28.57142857,32.14285714,0.428571429,14.28571429
2024/4/24 16:00,137.9142829,0.571428571,0.285714286,0.285714286,28.57142857,57.14285714,0.285714286,42.85714286
2024/4/24 17:00,135.6857171,0.571428571,0.571428571,0.285714286,35.71428571,46.42857143,0.285714286,39.28571429
2024/4/24 18:00,127.82857,0.714285714,0.571428571,0.428571429,32.14285714,42.85714286,0.428571429,42.85714286
2024/4/24 19:00,114.6285714,0.571428571,0.285714286,0.285714286,28.57142857,46.42857143,0.285714286,35.71428571
2024/4/24 20:00,74.88571286,0.285714286,0.285714286,0.285714286,3.571428571,28.57142857,0.285714286,28.57142857
2024/4/24 21:00,85.88571429,0.285714286,0.285714286,0.285714286,25,32.14285714,0.428571429,28.57142857
2024/4/24 22:00,65.45714429,0.428571429,0.285714286,0.285714286,14.28571429,28.57142857,0.285714286,14.28571429
2024/4/24 23:00,93.28571571,0.285714286,0.285714286,0.428571429,28.57142857,32.14285714,0.428571429,28.57142857
2024/4/25 0:00,65.85714286,0.285714286,0.142857143,0.285714286,3.571428571,28.57142857,0.285714286,25
2024/4/25 1:00,48.22857143,0.142857143,0.142857143,0.142857143,10.71428571,14.28571429,0.142857143,14.28571429
2024/4/25 2:00,83.71428429,0.285714286,0.285714286,0.285714286,25,28.57142857,0.285714286,28.57142857
2024/4/25 3:00,45.05714143,0.142857143,0,0.142857143,3.571428571,14.28571429,0.142857143,14.28571429
2024/4/25 4:00,58.45714429,0.285714286,0,0.285714286,0,28.57142857,0.285714286,17.85714286
2024/4/25 5:00,61.17142857,0.285714286,0.142857143,0.285714286,14.28571429,28.57142857,0.142857143,14.28571429
2024/4/25 6:00,85.14285714,0.285714286,0.285714286,0.285714286,28.57142857,28.57142857,0.285714286,28.57142857
2024/4/25 7:00,85.77143,0.285714286,0.285714286,0.285714286,28.57142857,28.57142857,0.285714286,28.57142857
2024/4/25 8:00,67.57142857,0.285714286,0.142857143,0.285714286,10.71428571,28.57142857,0.285714286,21.42857143
2024/4/25 9:00,103.7428571,0.428571429,0.142857143,0.285714286,10.71428571,42.85714286,0.285714286,28.57142857
2024/4/25 10:00,152.0571429,0.857142857,0.571428571,0.285714286,21.42857143,78.57142857,0.285714286,42.85714286
2024/4/25 11:00,171.9999971,1,0.857142857,0.428571429,64.28571429,57.14285714,0.428571429,35.71428571
2024/4/25 12:00,225.1142871,1,1,0.571428571,57.14285714,78.57142857,0.571428571,78.57142857
2024/4/25 13:00,102.9428571,0.571428571,0.571428571,0.285714286,28.57142857,35.71428571,0.285714286,21.42857143
2024/4/25 14:00,98.14285857,0.428571429,0.428571429,0.285714286,32.14285714,14.28571429,0.285714286,35.71428571
2024/4/25 15:00,184.8857129,0.857142857,0.571428571,0.285714286,46.42857143,60.71428571,0.285714286,50
2024/4/25 16:00,167.2571457,0.857142857,0.714285714,0.285714286,53.57142857,42.85714286,0.285714286,64.28571429
2024/4/25 17:00,136.2000029,0.714285714,0.714285714,0.285714286,50,17.85714286,0.285714286,42.85714286
2024/4/25 18:00,137.3714329,0.714285714,0.571428571,0.285714286,28.57142857,42.85714286,0.285714286,39.28571429
2024/4/25 19:00,191.1142886,0.857142857,0.714285714,0.285714286,64.28571429,67.85714286,0.428571429,50
2024/4/25 20:00,151.1428557,0.857142857,0.428571429,0.428571429,35.71428571,60.71428571,0.428571429,39.28571429
2024/4/25 21:00,104.1714286,0.571428571,0.285714286,0.285714286,21.42857143,35.71428571,0.285714286,28.57142857
2024/4/25 22:00,53.8,0.333333333,0.333333333,0.166666667,25,0,0.166666667,16.66666667
2024/4/25 23:00,99.42857,0.428571429,0.285714286,0.285714286,25,39.28571429,0.285714286,32.14285714
2024/4/26 0:00,85.11428429,0.285714286,0.285714286,0.285714286,25,28.57142857,0.285714286,28.57142857
2024/4/26 1:00,80.05714143,0.428571429,0.142857143,0.285714286,14.28571429,35.71428571,0.285714286,21.42857143
2024/4/26 2:00,51.05714286,0.142857143,0.142857143,0.142857143,10.71428571,14.28571429,0.142857143,14.28571429
2024/4/26 3:00,89.8,0.285714286,0.285714286,0.285714286,28.57142857,28.57142857,0.285714286,28.57142857
2024/4/26 4:00,67.45714143,0.142857143,0.142857143,0.428571429,14.28571429,32.14285714,0.285714286,14.28571429
2024/4/26 5:00,63,0.285714286,0.142857143,0.142857143,14.28571429,32.14285714,0.142857143,14.28571429
2024/4/26 6:00,48.62857143,0.285714286,0,0,0,28.57142857,0,14.28571429
2024/4/26 7:00,84.62857286,0.571428571,0.285714286,0.142857143,3.571428571,50,0.142857143,21.42857143
2024/4/26 8:00,94.22857143,0.571428571,0.428571429,0.142857143,21.42857143,32.14285714,0.142857143,28.57142857
2024/4/26 9:00,149.1428557,0.857142857,0.571428571,0.285714286,42.85714286,57.14285714,0.285714286,28.57142857
2024/4/26 10:00,132.4571457,0.571428571,0.571428571,0.285714286,53.57142857,39.28571429,0.285714286,14.28571429
2024/4/26 11:00,118.4571443,0.714285714,0.571428571,0.285714286,35.71428571,42.85714286,0.285714286,25
2024/4/26 12:00,133.65714,0.571428571,0.428571429,0.285714286,28.57142857,42.85714286,0.285714286,42.85714286
2024/4/26 13:00,101.1142871,0.428571429,0.285714286,0.285714286,17.85714286,32.14285714,0.285714286,28.57142857
2024/4/26 14:00,255.88571,0.857142857,0.857142857,0.571428571,75,85.71428571,0.428571429,85.71428571
2024/4/26 15:00,314.8571371,1,1,1,100,100,0.857142857,100
2024/4/26 16:00,303.6285686,1,1,1,100,100,1,100
2024/4/26 17:00,126.8857171,0.571428571,0.428571429,0.142857143,21.42857143,42.85714286,0.142857143,42.85714286
2024/4/26 18:00,135.4,0.714285714,0.714285714,0.142857143,14.28571429,64.28571429,0.142857143,42.85714286
2024/4/26 19:00,128.0857129,0.571428571,0.571428571,0.428571429,32.14285714,42.85714286,0.428571429,35.71428571
2024/4/26 20:00,112.1142843,0.571428571,0.428571429,0.285714286,21.42857143,28.57142857,0.285714286,28.57142857
2024/4/26 21:00,104.57143,0.571428571,0.571428571,0.285714286,35.71428571,42.85714286,0.285714286,21.42857143
2024/4/26 22:00,86.54285714,0.428571429,0.285714286,0.285714286,28.57142857,35.71428571,0.142857143,10.71428571
2024/4/26 23:00,87.42857,0.428571429,0.428571429,0.285714286,25,21.42857143,0.285714286,28.57142857
2024/4/27 0:00,100.1714271,0.714285714,0.571428571,0.285714286,14.28571429,42.85714286,0.285714286,25
2024/4/27 1:00,97.62857143,0.571428571,0.428571429,0.285714286,32.14285714,28.57142857,0.285714286,21.42857143
2024/4/27 2:00,91.39999714,0.428571429,0.285714286,0.285714286,14.28571429,42.85714286,0.285714286,32.14285714
2024/4/27 3:00,84.19999857,0.428571429,0.285714286,0.285714286,25,25,0.285714286,28.57142857
2024/4/27 4:00,83.97142857,0.428571429,0.285714286,0.285714286,21.42857143,28.57142857,0.285714286,28.57142857
2024/4/27 5:00,78.62857,0.428571429,0.428571429,0.285714286,14.28571429,28.57142857,0.285714286,35.71428571
2024/4/27 6:00,60.2,0.285714286,0.142857143,0.285714286,28.57142857,28.57142857,0.285714286,0
2024/4/27 7:00,56.45714429,0.285714286,0,0.142857143,14.28571429,28.57142857,0.285714286,7.142857143
2024/4/27 8:00,73.34285571,0.428571429,0.285714286,0,14.28571429,25,0,21.42857143
2024/4/27 9:00,164.1142857,0.857142857,0.857142857,0.428571429,67.85714286,50,0.428571429,35.71428571
2024/4/27 10:00,148.0857171,0.714285714,0.714285714,0.428571429,28.57142857,71.42857143,0.428571429,28.57142857
2024/4/27 11:00,257.1714271,0.857142857,0.857142857,0.857142857,85.71428571,85.71428571,0.857142857,85.71428571
2024/4/27 12:00,287.1999971,1,1,1,100,100,1,100
2024/4/27 13:00,272.6285743,1,1,1,100,100,1,100
2024/4/27 14:00,62.94285857,0.142857143,0.142857143,0.142857143,14.28571429,14.28571429,0.142857143,14.28571429
2024/4/27 15:00,110.9714271,0.571428571,0.428571429,0.142857143,21.42857143,28.57142857,0.142857143,21.42857143
2024/4/27 16:00,138.9714314,0.714285714,0.714285714,0.285714286,42.85714286,50,0.285714286,28.57142857
2024/4/27 17:00,179.3428543,0.857142857,0.857142857,0.285714286,35.71428571,67.85714286,0.285714286,57.14285714
2024/4/27 18:00,200.25714,1,1,0.285714286,42.85714286,50,0.285714286,71.42857143
2024/4/27 19:00,108.0571443,0.714285714,0.714285714,0.142857143,14.28571429,28.57142857,0.142857143,25
2024/4/27 20:00,172.3428557,0.857142857,0.857142857,0.285714286,57.14285714,64.28571429,0.285714286,39.28571429
2024/4/27 21:00,170.28571,0.714285714,0.714285714,0.285714286,57.14285714,35.71428571,0.285714286,57.14285714
2024/4/27 22:00,87.37142857,0.285714286,0.285714286,0.285714286,21.42857143,28.57142857,0.285714286,28.57142857
2024/4/27 23:00,62.08571286,0.285714286,0.142857143,0.285714286,14.28571429,25,0.285714286,14.28571429
2024/4/28 0:00,76.54285714,0.285714286,0.285714286,0.285714286,14.28571429,28.57142857,0.285714286,25
2024/4/28 1:00,94.42857,0.285714286,0.285714286,0.285714286,28.57142857,32.14285714,0.285714286,28.57142857
2024/4/28 2:00,69.99999857,0.285714286,0.142857143,0.285714286,14.28571429,28.57142857,0.285714286,17.85714286
2024/4/28 3:00,67.25714429,0.285714286,0.142857143,0.142857143,14.28571429,28.57142857,0.142857143,21.42857143
2024/4/28 4:00,65.45714429,0.428571429,0.142857143,0.142857143,7.142857143,17.85714286,0.142857143,25
2024/4/28 5:00,60.37142714,0.285714286,0.285714286,0.285714286,14.28571429,25,0.285714286,10.71428571
2024/4/28 6:00,66.48571429,0.428571429,0.142857143,0.285714286,14.28571429,35.71428571,0.285714286,10.71428571
2024/4/28 7:00,46.6,0.285714286,0.142857143,0.142857143,14.28571429,14.28571429,0.142857143,3.571428571
2024/4/28 8:00,79.48571429,0.571428571,0.285714286,0.142857143,21.42857143,21.42857143,0.142857143,25
2024/4/28 9:00,110.1428586,0.571428571,0.285714286,0.285714286,28.57142857,57.14285714,0.285714286,17.85714286
2024/4/28 10:00,133.8571471,0.714285714,0.571428571,0.428571429,39.28571429,57.14285714,0.428571429,28.57142857
2024/4/28 11:00,113.9999986,0.714285714,0.571428571,0.285714286,28.57142857,53.57142857,0.285714286,17.85714286
2024/4/28 12:00,166.17143,0.714285714,0.428571429,0.285714286,53.57142857,57.14285714,0.428571429,42.85714286
2024/4/28 13:00,103.7142871,0.571428571,0.428571429,0.285714286,21.42857143,28.57142857,0.285714286,35.71428571
2024/4/28 14:00,114.3714286,0.428571429,0.428571429,0.285714286,35.71428571,28.57142857,0.142857143,28.57142857
2024/4/28 15:00,166.0571429,0.857142857,0.857142857,0.428571429,42.85714286,67.85714286,0.428571429,25
2024/4/28 16:00,120.5142843,0.571428571,0.571428571,0.285714286,21.42857143,28.57142857,0.285714286,50
2024/4/28 17:00,146.9428614,0.857142857,0.857142857,0.285714286,28.57142857,53.57142857,0.285714286,46.42857143
2024/4/28 18:00,185.5428614,1,0.571428571,0.285714286,57.14285714,82.14285714,0.285714286,39.28571429
2024/4/28 19:00,162.8571486,0.857142857,0.571428571,0.285714286,50,57.14285714,0.285714286,50
2024/4/28 20:00,110.2,0.571428571,0.285714286,0.285714286,21.42857143,39.28571429,0.285714286,28.57142857
2024/4/28 21:00,129.8571414,0.571428571,0.285714286,0.285714286,21.42857143,53.57142857,0.285714286,39.28571429
2024/4/28 22:00,99.14285714,0.428571429,0.142857143,0.285714286,25,42.85714286,0.285714286,21.42857143
2024/4/28 23:00,237.7999986,0.857142857,0.857142857,1,96.42857143,85.71428571,1,85.71428571
2024/4/29 0:00,249.3428614,1,1,1,100,100,1,100
2024/4/29 1:00,215.5428571,1,0.857142857,1,42.85714286,100,1,100
2024/4/29 2:00,44.71428571,0.142857143,0.142857143,0.142857143,7.142857143,14.28571429,0.142857143,14.28571429
2024/4/29 3:00,31.97143,0.142857143,0,0,14.28571429,7.142857143,0,0
2024/4/29 4:00,50.51428571,0.142857143,0,0.142857143,14.28571429,7.142857143,0.142857143,21.42857143
2024/4/29 5:00,51.91428714,0.142857143,0,0.285714286,14.28571429,10.71428571,0.285714286,14.28571429
2024/4/29 6:00,45.54285714,0.142857143,0.142857143,0.142857143,14.28571429,14.28571429,0.142857143,14.28571429
2024/4/29 7:00,43.40000143,0.285714286,0,0.142857143,14.28571429,7.142857143,0.142857143,14.28571429
2024/4/29 8:00,54.42857143,0.285714286,0.142857143,0.142857143,14.28571429,17.85714286,0.142857143,14.28571429
2024/4/29 9:00,59.31428571,0.428571429,0.285714286,0,28.57142857,14.28571429,0,7.142857143
2024/4/29 10:00,87.77142857,0.428571429,0.142857143,0.142857143,28.57142857,35.71428571,0.142857143,14.28571429
2024/4/29 11:00,130.7714286,0.714285714,0.428571429,0.285714286,39.28571429,46.42857143,0.285714286,25
2024/4/29 12:00,96.02857143,0.571428571,0.142857143,0.142857143,28.57142857,25,0.142857143,14.28571429
2024/4/29 13:00,116.4571443,0.714285714,0.285714286,0.285714286,39.28571429,42.85714286,0.285714286,7.142857143
2024/4/29 14:00,76.51428714,0.428571429,0.142857143,0.142857143,28.57142857,28.57142857,0.142857143,0
2024/4/29 15:00,159.6285729,0.857142857,0.428571429,0.285714286,50,57.14285714,0.285714286,35.71428571
2024/4/29 16:00,154.7142871,0.857142857,0.428571429,0.285714286,35.71428571,71.42857143,0.285714286,46.42857143
2024/4/29 17:00,132.7142829,0.857142857,0.428571429,0.285714286,35.71428571,71.42857143,0.285714286,21.42857143
2024/4/29 18:00,118.1714257,0.714285714,0.142857143,0.285714286,35.71428571,53.57142857,0.285714286,17.85714286
2024/4/29 19:00,123.0285714,0.714285714,0.285714286,0.285714286,32.14285714,50,0.285714286,28.57142857
2024/4/29 20:00,125.6857129,0.714285714,0.142857143,0.285714286,28.57142857,60.71428571,0.285714286,28.57142857
2024/4/29 21:00,127.6571429,0.714285714,0.142857143,0.285714286,28.57142857,64.28571429,0.285714286,28.57142857
2024/4/29 22:00,103.9428571,0.571428571,0.142857143,0.285714286,25,35.71428571,0.285714286,28.57142857
2024/4/29 23:00,135.1714257,0.714285714,0.285714286,0.285714286,28.57142857,71.42857143,0.285714286,32.14285714
2024/4/30 0:00,96.08571286,0.428571429,0.285714286,0.285714286,28.57142857,32.14285714,0.285714286,28.57142857
2024/4/30 1:00,99.94286143,0.571428571,0.285714286,0.142857143,35.71428571,42.85714286,0.142857143,21.42857143
2024/4/30 2:00,97.85714286,0.571428571,0.142857143,0.285714286,28.57142857,57.14285714,0.285714286,14.28571429
2024/4/30 3:00,105.6285714,0.428571429,0.285714286,0.285714286,28.57142857,42.85714286,0.285714286,25
2024/4/30 4:00,120,0.714285714,0.285714286,0.285714286,17.85714286,46.42857143,0.285714286,42.85714286
2024/4/30 5:00,41.94285571,0.142857143,0,0.142857143,0,25,0.142857143,7.142857143
2024/4/30 6:00,62.11428429,0.428571429,0,0,14.28571429,32.14285714,0,7.142857143
2024/4/30 7:00,57.22857143,0.285714286,0.142857143,0.142857143,14.28571429,28.57142857,0.142857143,7.142857143
2024/4/30 8:00,79.74285714,0.285714286,0.285714286,0.285714286,25,39.28571429,0.285714286,14.28571429
2024/4/30 9:00,82.94285714,0.428571429,0.428571429,0.285714286,17.85714286,28.57142857,0.285714286,25
2024/4/30 10:00,95.4,0.666666667,0.5,0.333333333,12.5,33.33333333,0.333333333,33.33333333
2024/4/30 11:00,137.7142886,0.714285714,0.428571429,0.285714286,42.85714286,53.57142857,0.285714286,32.14285714
2024/4/30 12:00,145.9428614,0.714285714,0.428571429,0.285714286,35.71428571,67.85714286,0.285714286,39.28571429
2024/4/30 13:00,80.19999857,0.285714286,0.285714286,0.285714286,32.14285714,28.57142857,0.285714286,14.28571429
2024/4/30 14:00,67.20000286,0.285714286,0.285714286,0.142857143,3.571428571,28.57142857,0.142857143,14.28571429
2024/4/30 15:00,146.0571429,0.571428571,0.285714286,0.285714286,46.42857143,60.71428571,0.285714286,28.57142857
2024/4/30 16:00,130.6571429,0.714285714,0.285714286,0.285714286,35.71428571,67.85714286,0.285714286,17.85714286
2024/4/30 17:00,100.5428586,0.571428571,0.285714286,0.285714286,25,42.85714286,0.285714286,14.28571429
2024/4/30 18:00,69,0.285714286,0.142857143,0.285714286,28.57142857,21.42857143,0.285714286,0
2024/4/30 19:00,127.5428571,0.571428571,0.285714286,0.142857143,42.85714286,50,0.285714286,25
2024/4/30 20:00,159.5142843,0.857142857,0.428571429,0.285714286,32.14285714,57.14285714,0.428571429,60.71428571
2024/4/30 21:00,243.3428557,1,0.714285714,0.857142857,85.71428571,92.85714286,0.857142857,92.85714286
2024/4/30 22:00,257.9428586,1,0.714285714,1,100,60.71428571,1,100
2024/4/30 23:00,254.6000057,1,1,1,100,75,1,100
2024/5/1 0:00,245.8571443,1,1,1,100,75,1,100
2024/5/1 1:00,49.05714286,0.142857143,0.142857143,0.142857143,14.28571429,10.71428571,0.142857143,14.28571429
2024/5/1 2:00,15.91428571,0,0,0,0,0,0,0
2024/5/1 3:00,68.62857286,0.285714286,0.142857143,0.285714286,17.85714286,14.28571429,0.285714286,28.57142857
2024/5/1 4:00,56.48571429,0.142857143,0,0.142857143,14.28571429,17.85714286,0.142857143,10.71428571
2024/5/1 5:00,54.48571429,0.285714286,0.142857143,0.142857143,14.28571429,25,0.142857143,7.142857143
2024/5/1 6:00,32.8,0.142857143,0,0.142857143,0,3.571428571,0.142857143,14.28571429
2024/5/1 7:00,53.57143143,0.285714286,0.142857143,0.142857143,10.71428571,14.28571429,0.142857143,21.42857143
2024/5/1 8:00,44.65714286,0.142857143,0,0.142857143,14.28571429,14.28571429,0.142857143,7.142857143
2024/5/1 9:00,114.5428571,0.571428571,0.428571429,0.142857143,42.85714286,50,0.142857143,21.42857143
2024/5/1 10:00,121.2857129,0.571428571,0.571428571,0.142857143,28.57142857,53.57142857,0.142857143,25
2024/5/1 11:00,105.3428557,0.571428571,0.428571429,0.142857143,35.71428571,32.14285714,0.142857143,25
2024/5/1 12:00,99.14285857,0.571428571,0.285714286,0.285714286,28.57142857,28.57142857,0.285714286,32.14285714
2024/5/1 13:00,63.48571429,0.285714286,0.142857143,0.142857143,14.28571429,25,0.142857143,14.28571429
2024/5/1 14:00,82.85714286,0.428571429,0.285714286,0.285714286,28.57142857,25,0.285714286,14.28571429
2024/5/1 15:00,126.57143,0.571428571,0.285714286,0.285714286,57.14285714,28.57142857,0.285714286,28.57142857
2024/5/1 16:00,138.6000029,0.714285714,0.285714286,0.285714286,42.85714286,60.71428571,0.285714286,32.14285714
2024/5/1 17:00,153.3142814,0.714285714,0.428571429,0.142857143,42.85714286,64.28571429,0.142857143,42.85714286
2024/5/1 18:00,135.3142857,0.857142857,0.571428571,0.142857143,17.85714286,78.57142857,0.142857143,28.57142857
2024/5/1 19:00,180.1714257,0.857142857,0.571428571,0.285714286,53.57142857,71.42857143,0.285714286,46.42857143
2024/5/1 20:00,161.9142857,0.857142857,0.428571429,0.285714286,64.28571429,57.14285714,0.428571429,28.57142857
2024/5/1 21:00,112.2571429,0.571428571,0.285714286,0.142857143,21.42857143,42.85714286,0.285714286,32.14285714
2024/5/1 22:00,108.7999986,0.571428571,0.285714286,0.142857143,21.42857143,42.85714286,0.142857143,35.71428571
2024/5/1 23:00,100.4571414,0.714285714,0,0.142857143,28.57142857,46.42857143,0.142857143,14.28571429
2024/5/2 0:00,109.7142871,0.571428571,0.142857143,0.285714286,42.85714286,14.28571429,0.285714286,35.71428571
2024/5/2 1:00,83.37143,0.428571429,0.285714286,0.285714286,25,21.42857143,0.285714286,28.57142857
2024/5/2 2:00,110.6000029,0.571428571,0.428571429,0.285714286,35.71428571,35.71428571,0.285714286,35.71428571
2024/5/2 3:00,79.85714571,0.428571429,0,0.142857143,28.57142857,21.42857143,0.142857143,21.42857143
2024/5/2 4:00,54.19999857,0.142857143,0.142857143,0.142857143,17.85714286,28.57142857,0.142857143,0
2024/5/2 5:00,47.71428429,0.285714286,0.142857143,0.142857143,17.85714286,0,0.142857143,14.28571429
2024/5/2 6:00,71.94285714,0.428571429,0,0.142857143,42.85714286,10.71428571,0.142857143,14.28571429
2024/5/2 7:00,85.54285857,0.571428571,0.142857143,0.285714286,28.57142857,17.85714286,0.285714286,35.71428571
2024/5/2 8:00,69.57142857,0.428571429,0.285714286,0.142857143,21.42857143,21.42857143,0,21.42857143
2024/5/2 9:00,76.59999857,0.428571429,0.142857143,0.142857143,21.42857143,17.85714286,0.142857143,21.42857143
2024/5/2 10:00,162.133335,0.666666667,0.5,0.333333333,33.33333333,70.83333333,0.333333333,45.83333333
2024/5/2 11:00,172.7142871,1,0.571428571,0.285714286,50,85.71428571,0.285714286,39.28571429
2024/5/2 12:00,123.4571429,0.714285714,0.571428571,0.285714286,28.57142857,46.42857143,0.285714286,28.57142857
2024/5/2 13:00,143.74286,0.857142857,0.714285714,0.285714286,50,50,0.285714286,28.57142857
2024/5/2 14:00,148.2571429,0.571428571,0.428571429,0.285714286,42.85714286,42.85714286,0.285714286,35.71428571
2024/5/2 15:00,162.1999986,0.714285714,0.428571429,0.428571429,42.85714286,60.71428571,0.428571429,46.42857143
2024/5/2 16:00,158.8857171,0.571428571,0.571428571,0.428571429,42.85714286,39.28571429,0.428571429,60.71428571
2024/5/2 17:00,164.0857143,0.714285714,0.428571429,0.428571429,50,64.28571429,0.428571429,50
2024/5/2 18:00,174.5428614,0.714285714,0.428571429,0.428571429,50,53.57142857,0.428571429,64.28571429
2024/5/2 19:00,164.6571429,0.857142857,0.714285714,0.428571429,46.42857143,57.14285714,0.428571429,39.28571429
2024/5/2 20:00,112.6571443,0.714285714,0.285714286,0.428571429,32.14285714,28.57142857,0.428571429,39.28571429
2024/5/2 21:00,135.8857157,0.714285714,0.428571429,0.428571429,46.42857143,57.14285714,0.428571429,21.42857143
2024/5/2 22:00,127.4857157,0.571428571,0.285714286,0.428571429,28.57142857,57.14285714,0.428571429,28.57142857
2024/5/2 23:00,112.4571429,0.571428571,0.285714286,0.285714286,28.57142857,53.57142857,0.285714286,14.28571429
2024/5/3 0:00,88.59999857,0.428571429,0.142857143,0.285714286,28.57142857,28.57142857,0.285714286,14.28571429
2024/5/3 1:00,116.2285729,0.571428571,0.428571429,0.142857143,57.14285714,32.14285714,0.428571429,14.28571429
2024/5/3 2:00,109.6285729,0.428571429,0.142857143,0.428571429,39.28571429,42.85714286,0.142857143,28.57142857
2024/5/3 3:00,60.08571286,0.285714286,0.142857143,0.142857143,14.28571429,28.57142857,0.142857143,7.142857143
2024/5/3 4:00,51.40000167,0.333333333,0.333333333,0.166666667,0,16.66666667,0.166666667,25
2024/5/3 5:00,53.25714143,0.285714286,0.285714286,0.142857143,14.28571429,21.42857143,0.142857143,7.142857143
2024/5/3 6:00,31.91428571,0.285714286,0.142857143,0,7.142857143,0,0,14.28571429
2024/5/3 7:00,44.94285714,0.428571429,0.428571429,0.142857143,0,14.28571429,0.142857143,17.85714286
2024/5/3 8:00,52.34285571,0.285714286,0.142857143,0.285714286,0,28.57142857,0.285714286,14.28571429
2024/5/3 9:00,106.4857143,0.714285714,0.571428571,0.285714286,35.71428571,42.85714286,0.285714286,0
2024/5/3 10:00,162.0000043,0.857142857,0.714285714,0.285714286,35.71428571,57.14285714,0.285714286,53.57142857
2024/5/3 11:00,146.0571414,0.857142857,0.571428571,0.285714286,42.85714286,71.42857143,0.285714286,21.42857143
2024/5/3 12:00,70.88571714,0.571428571,0.285714286,0.285714286,17.85714286,14.28571429,0.285714286,14.28571429
2024/5/3 13:00,76.57142714,0.285714286,0.142857143,0.285714286,14.28571429,28.57142857,0.285714286,25
2024/5/3 14:00,113.5714286,0.571428571,0.428571429,0.428571429,42.85714286,21.42857143,0.285714286,42.85714286
2024/5/3 15:00,138.0571386,0.571428571,0.428571429,0.285714286,35.71428571,50,0.285714286,35.71428571
2024/5/3 16:00,118.6,0.571428571,0.428571429,0.285714286,50,35.71428571,0.285714286,28.57142857
2024/5/3 17:00,87.17142857,0.428571429,0.142857143,0,35.71428571,28.57142857,0,14.28571429
2024/5/3 18:00,107.6,0.714285714,0.571428571,0.285714286,28.57142857,46.42857143,0.285714286,28.57142857
2024/5/3 19:00,131.5142857,0.714285714,0.571428571,0.285714286,50,50,0.285714286,28.57142857
2024/5/3 20:00,109.5428557,0.714285714,0.571428571,0.285714286,10.71428571,39.28571429,0.285714286,42.85714286
2024/5/3 21:00,103.0571414,0.571428571,0.285714286,0.142857143,42.85714286,35.71428571,0.142857143,14.28571429
2024/5/3 22:00,129.25714,0.714285714,0.285714286,0.428571429,32.14285714,53.57142857,0.428571429,35.71428571
2024/5/3 23:00,72,0.428571429,0.285714286,0.285714286,14.28571429,35.71428571,0.285714286,14.28571429
2024/5/4 0:00,76.2,0.285714286,0.142857143,0.142857143,10.71428571,35.71428571,0.142857143,25
2024/5/4 1:00,66.68571286,0.285714286,0.142857143,0.142857143,14.28571429,28.57142857,0.142857143,21.42857143
2024/5/4 2:00,68.02857,0.428571429,0.142857143,0.285714286,7.142857143,25,0.142857143,25
2024/5/4 3:00,96.08571286,0.571428571,0.428571429,0.285714286,17.85714286,42.85714286,0.285714286,32.14285714
2024/5/4 4:00,76.42857143,0.428571429,0.428571429,0.285714286,14.28571429,28.57142857,0.142857143,28.57142857
2024/5/4 5:00,90.99999857,0.428571429,0.285714286,0,25,42.85714286,0,28.57142857
2024/5/4 6:00,42.85714286,0.142857143,0.142857143,0,14.28571429,14.28571429,0,7.142857143
2024/5/4 7:00,58.80000143,0.285714286,0,0.285714286,0,28.57142857,0.285714286,21.42857143
2024/5/4 8:00,38.05714143,0.142857143,0,0.142857143,0,14.28571429,0.142857143,14.28571429
2024/5/4 9:00,115.1714286,0.571428571,0.428571429,0.285714286,10.71428571,53.57142857,0.285714286,35.71428571
2024/5/4 10:00,129.37143,0.857142857,0.428571429,0.285714286,35.71428571,46.42857143,0.285714286,28.57142857
2024/5/4 11:00,152.4285671,0.857142857,0.571428571,0.285714286,35.71428571,67.85714286,0.285714286,35.71428571
2024/5/4 12:00,143.2000029,0.714285714,0.428571429,0.285714286,28.57142857,71.42857143,0.285714286,42.85714286
2024/5/4 13:00,103.17143,0.571428571,0.285714286,0.285714286,28.57142857,42.85714286,0.285714286,21.42857143
2024/5/4 14:00,118.2571443,0.714285714,0.428571429,0.285714286,14.28571429,42.85714286,0.285714286,57.14285714
2024/5/4 15:00,172.3714271,1,0.714285714,0.428571429,53.57142857,67.85714286,0.428571429,50
2024/5/4 16:00,165.2285714,0.857142857,0.571428571,0.428571429,25,71.42857143,0.428571429,71.42857143
2024/5/4 17:00,115.3142829,0.714285714,0.428571429,0.428571429,39.28571429,50,0.428571429,14.28571429
2024/5/4 18:00,98.05714286,0.571428571,0.285714286,0.285714286,28.57142857,42.85714286,0.285714286,14.28571429
2024/5/4 19:00,92.48571571,0.428571429,0.142857143,0.285714286,28.57142857,28.57142857,0.285714286,17.85714286
2024/5/4 20:00,104.2857143,0.571428571,0.428571429,0.285714286,42.85714286,50,0.285714286,0
2024/5/4 21:00,132.9999986,0.714285714,0.428571429,0.428571429,39.28571429,42.85714286,0.428571429,39.28571429
2024/5/4 22:00,73.51428571,0.428571429,0.285714286,0.285714286,17.85714286,25,0.285714286,14.28571429
2024/5/4 23:00,75.11428714,0.428571429,0.285714286,0.285714286,25,14.28571429,0.285714286,21.42857143
2024/5/5 0:00,75.37143,0.285714286,0.142857143,0.285714286,17.85714286,25,0.428571429,17.85714286
2024/5/5 1:00,51.82857,0.142857143,0.142857143,0,7.142857143,17.85714286,0.285714286,14.28571429
2024/5/5 2:00,68.34285857,0.285714286,0.142857143,0.142857143,14.28571429,14.28571429,0.285714286,28.57142857
2024/5/5 3:00,53.25714286,0.285714286,0.285714286,0.142857143,14.28571429,21.42857143,0.142857143,10.71428571
2024/5/5 4:00,97.17142857,0.571428571,0.428571429,0.285714286,28.57142857,25,0.285714286,28.57142857
2024/5/5 5:00,85.88571714,0.571428571,0.428571429,0.142857143,25,32.14285714,0.142857143,14.28571429
2024/5/5 6:00,56.68571571,0.428571429,0.142857143,0.142857143,0,25,0.142857143,21.42857143
2024/5/5 7:00,51.71428429,0.285714286,0.142857143,0.142857143,21.42857143,7.142857143,0,14.28571429
2024/5/5 8:00,83.97143,0.428571429,0.285714286,0.285714286,35.71428571,21.42857143,0.285714286,28.57142857
2024/5/5 9:00,95.51428571,0.571428571,0.428571429,0.285714286,25,32.14285714,0.285714286,28.57142857
2024/5/5 10:00,129.68571,0.571428571,0.428571429,0.428571429,32.14285714,57.14285714,0.428571429,28.57142857
2024/5/5 11:00,134.3142829,0.857142857,0.428571429,0.285714286,35.71428571,60.71428571,0.285714286,32.14285714
2024/5/5 12:00,190.4857157,0.714285714,0.571428571,0.285714286,64.28571429,60.71428571,0.428571429,64.28571429
2024/5/5 13:00,144.4857171,0.714285714,0.428571429,0.428571429,42.85714286,46.42857143,0.142857143,42.85714286
2024/5/5 14:00,87.48571143,0.428571429,0.142857143,0.142857143,21.42857143,42.85714286,0.142857143,21.42857143
2024/5/5 15:00,122.9999971,0.714285714,0.285714286,0.142857143,28.57142857,57.14285714,0.142857143,35.71428571
2024/5/5 16:00,146.6000014,0.857142857,0.428571429,0.142857143,39.28571429,71.42857143,0.142857143,42.85714286
2024/5/5 17:00,102.57143,0.571428571,0.142857143,0.285714286,25,42.85714286,0.285714286,21.42857143
2024/5/5 18:00,156.37143,0.857142857,0.571428571,0.428571429,28.57142857,85.71428571,0.428571429,39.28571429
2024/5/5 19:00,140.77143,0.857142857,0.571428571,0.571428571,25,42.85714286,0.571428571,57.14285714
2024/5/5 20:00,115.7714286,0.714285714,0.428571429,0.285714286,14.28571429,60.71428571,0.285714286,28.57142857
2024/5/5 21:00,134.3714286,0.714285714,0.428571429,0.285714286,28.57142857,46.42857143,0.285714286,35.71428571
2024/5/5 22:00,134.0857157,0.714285714,0.428571429,0.285714286,14.28571429,67.85714286,0.285714286,28.57142857
2024/5/5 23:00,141.2285743,0.857142857,0.571428571,0.142857143,57.14285714,50,0.142857143,21.42857143
2024/5/6 0:00,99.85714429,0.428571429,0.428571429,0.285714286,28.57142857,42.85714286,0.285714286,14.28571429
2024/5/6 1:00,44.88571571,0.142857143,0,0.285714286,0,14.28571429,0.285714286,10.71428571
2024/5/6 2:00,78.77142857,0.285714286,0.285714286,0.428571429,28.57142857,28.57142857,0.285714286,17.85714286
2024/5/6 3:00,35.45714143,0.285714286,0.142857143,0.142857143,0,14.28571429,0.142857143,7.142857143
2024/5/6 4:00,31.4,0.142857143,0.142857143,0.285714286,7.142857143,7.142857143,0.285714286,0
2024/5/6 5:00,49,0.285714286,0.142857143,0.285714286,10.71428571,14.28571429,0.285714286,7.142857143
2024/5/6 6:00,58.11428571,0.142857143,0.142857143,0.285714286,17.85714286,14.28571429,0.285714286,14.28571429
2024/5/6 7:00,60.02857143,0.285714286,0.142857143,0.142857143,14.28571429,28.57142857,0.142857143,10.71428571
2024/5/6 8:00,93.57142857,0.428571429,0.428571429,0.285714286,28.57142857,35.71428571,0.285714286,32.14285714
2024/5/6 9:00,128.7999983,0.666666667,0.5,0.333333333,33.33333333,58.33333333,0.333333333,29.16666667
2024/5/6 10:00,123.3999986,0.571428571,0.428571429,0.428571429,32.14285714,50,0.428571429,28.57142857
2024/5/6 11:00,138.8571414,0.714285714,0.428571429,0.285714286,28.57142857,67.85714286,0.285714286,39.28571429
2024/5/6 12:00,103.0857143,0.571428571,0.285714286,0.285714286,21.42857143,57.14285714,0.142857143,17.85714286
2024/5/6 13:00,82.42857143,0.571428571,0.142857143,0.285714286,17.85714286,39.28571429,0.142857143,21.42857143
2024/5/6 14:00,60.25714429,0.428571429,0.142857143,0.285714286,14.28571429,25,0.285714286,14.28571429
2024/5/6 15:00,145.1714329,0.714285714,0.428571429,0.285714286,35.71428571,64.28571429,0.285714286,35.71428571
2024/5/6 16:00,175.1428586,1,0.714285714,0.285714286,39.28571429,100,0.285714286,32.14285714
2024/5/6 17:00,168.3142886,1,0.857142857,0.285714286,28.57142857,85.71428571,0.285714286,28.57142857
2024/5/6 18:00,174.8857129,1,0.714285714,0.428571429,75,50,0.428571429,42.85714286
2024/5/6 19:00,176.0571443,0.857142857,0.714285714,0.285714286,50,60.71428571,0.285714286,50
2024/5/6 20:00,170.8571457,0.857142857,0.714285714,0.285714286,25,75,0.285714286,42.85714286
2024/5/6 21:00,168.8857114,1,0.714285714,0.285714286,46.42857143,82.14285714,0.285714286,35.71428571
2024/5/6 22:00,182.2285686,1,0.714285714,0.285714286,42.85714286,100,0.285714286,42.85714286
2024/5/6 23:00,89.08571429,0.571428571,0.285714286,0.142857143,28.57142857,28.57142857,0.142857143,17.85714286
2024/5/7 0:00,94.25714286,0.571428571,0.285714286,0.142857143,28.57142857,28.57142857,0.142857143,32.14285714
2024/5/7 1:00,69.02857143,0.428571429,0.285714286,0.285714286,17.85714286,28.57142857,0.142857143,14.28571429
2024/5/7 2:00,82.31428429,0.285714286,0.142857143,0.285714286,32.14285714,17.85714286,0.285714286,17.85714286
2024/5/7 3:00,90.85714429,0.285714286,0.285714286,0.285714286,32.14285714,25,0.285714286,28.57142857
2024/5/7 4:00,57.97143,0.428571429,0.285714286,0.285714286,14.28571429,14.28571429,0.285714286,14.28571429
2024/5/7 5:00,93.68571286,0.571428571,0.428571429,0.285714286,32.14285714,25,0.285714286,35.71428571
2024/5/7 6:00,89.25714,0.571428571,0.428571429,0.285714286,21.42857143,35.71428571,0.285714286,25
2024/5/7 7:00,63.82856857,0.285714286,0.285714286,0.285714286,28.57142857,25,0.285714286,0
2024/5/7 8:00,88.17142857,0.428571429,0.285714286,0.285714286,28.57142857,17.85714286,0.285714286,39.28571429
2024/5/7 9:00,127.3428571,0.714285714,0.571428571,0.285714286,28.57142857,57.14285714,0.428571429,35.71428571
2024/5/7 10:00,154.0571414,0.857142857,0.857142857,0.142857143,35.71428571,60.71428571,0.285714286,39.28571429
2024/5/7 11:00,161.5428586,0.714285714,0.571428571,0.285714286,60.71428571,42.85714286,0.285714286,39.28571429
2024/5/7 12:00,222.9142857,1,0.857142857,0.428571429,57.14285714,100,0.428571429,46.42857143
2024/5/7 13:00,123.7428571,0.428571429,0.428571429,0.285714286,28.57142857,42.85714286,0.285714286,32.14285714
2024/5/7 14:00,128.5428586,0.571428571,0.285714286,0.285714286,21.42857143,42.85714286,0.285714286,42.85714286
2024/5/7 15:00,182.9142914,0.857142857,0.571428571,0.285714286,32.14285714,71.42857143,0.285714286,57.14285714
2024/5/7 16:00,228.4000043,1,1,0.285714286,71.42857143,82.14285714,0.285714286,57.14285714
2024/5/7 17:00,269.0571443,1,0.857142857,0.428571429,100,85.71428571,0.571428571,71.42857143
2024/5/7 18:00,181.02857,0.857142857,0.714285714,0.571428571,57.14285714,64.28571429,0.285714286,28.57142857
2024/5/7 19:00,143.77143,1,0.714285714,0.285714286,14.28571429,53.57142857,0.285714286,67.85714286
2024/5/7 20:00,200.94286,0.857142857,0.714285714,0.571428571,39.28571429,82.14285714,0.571428571,71.42857143
2024/5/7 21:00,128.3428571,0.714285714,0.571428571,0.285714286,14.28571429,57.14285714,0.285714286,50
2024/5/7 22:00,137.2000014,0.857142857,0.571428571,0.285714286,71.42857143,21.42857143,0.285714286,32.14285714
2024/5/7 23:00,107.2571443,0.571428571,0.571428571,0.285714286,14.28571429,35.71428571,0.285714286,25
2024/5/8 0:00,172.6285757,1,0.714285714,0.285714286,25,96.42857143,0.285714286,50
2024/5/8 1:00,116.7142843,0.571428571,0.285714286,0.285714286,28.57142857,46.42857143,0.285714286,28.57142857
2024/5/8 2:00,63.31428714,0.285714286,0.142857143,0.142857143,14.28571429,25,0.142857143,7.142857143
2024/5/8 3:00,62.8,0.285714286,0.142857143,0.142857143,28.57142857,14.28571429,0.142857143,14.28571429
2024/5/8 4:00,113.3142857,0.571428571,0.285714286,0.142857143,28.57142857,57.14285714,0.142857143,35.71428571
2024/5/8 5:00,67.4,0.285714286,0.142857143,0.285714286,25,25,0.285714286,3.571428571
2024/5/8 6:00,64.31428571,0.142857143,0.142857143,0.285714286,25,14.28571429,0.285714286,14.28571429
2024/5/8 7:00,44.28571571,0.142857143,0.142857143,0.142857143,14.28571429,14.28571429,0.142857143,0
2024/5/8 8:00,66.62857143,0.428571429,0.285714286,0.285714286,14.28571429,25,0.285714286,17.85714286
2024/5/8 9:00,109.8285714,0.571428571,0.285714286,0.285714286,28.57142857,42.85714286,0.285714286,21.42857143
2024/5/8 10:00,109.7142857,0.714285714,0.571428571,0.285714286,28.57142857,60.71428571,0.285714286,7.142857143
2024/5/8 11:00,133.7142857,0.714285714,0.285714286,0.285714286,28.57142857,60.71428571,0.285714286,25
2024/5/8 12:00,102.57143,0.428571429,0.285714286,0.285714286,28.57142857,35.71428571,0.285714286,10.71428571
2024/5/8 13:00,109.5428543,0.428571429,0.285714286,0.285714286,28.57142857,35.71428571,0.285714286,32.14285714
2024/5/8 14:00,121.1142843,0.571428571,0.285714286,0.285714286,28.57142857,32.14285714,0.285714286,28.57142857
2024/5/8 15:00,149.2571414,0.714285714,0.571428571,0.285714286,28.57142857,57.14285714,0.285714286,57.14285714
2024/5/8 16:00,148.5714286,0.714285714,0.714285714,0.285714286,35.71428571,64.28571429,0.285714286,35.71428571
2024/5/8 17:00,169.3142871,0.857142857,0.857142857,0.285714286,35.71428571,71.42857143,0.285714286,35.71428571
2024/5/8 18:00,221.7999986,1,0.714285714,0.428571429,57.14285714,89.28571429,0.428571429,50
2024/5/8 19:00,202.2000014,1,0.571428571,0.285714286,57.14285714,67.85714286,0.285714286,71.42857143
2024/5/8 20:00,214.28571,1,0.714285714,0.285714286,28.57142857,100,0.285714286,64.28571429
2024/5/8 21:00,166.1714314,0.857142857,0.714285714,0.285714286,42.85714286,71.42857143,0.285714286,35.71428571
2024/5/8 22:00,148.11429,0.714285714,0.571428571,0.285714286,39.28571429,71.42857143,0.285714286,25
2024/5/8 23:00,107.2571429,0.571428571,0.285714286,0.285714286,25,42.85714286,0.285714286,21.42857143
2024/5/9 0:00,97.08571286,0.571428571,0.285714286,0.285714286,28.57142857,50,0.285714286,14.28571429
2024/5/9 1:00,85.08571571,0.428571429,0.142857143,0.285714286,25,28.57142857,0.285714286,21.42857143
2024/5/9 2:00,49.45714143,0.285714286,0,0.142857143,14.28571429,14.28571429,0.142857143,3.571428571
2024/5/9 3:00,69.14285571,0.285714286,0.142857143,0.285714286,32.14285714,14.28571429,0.285714286,14.28571429
2024/5/9 4:00,91.22857,0.428571429,0.285714286,0.142857143,25,35.71428571,0.142857143,28.57142857
2024/5/9 5:00,83.62856857,0.428571429,0.285714286,0.285714286,28.57142857,28.57142857,0.285714286,21.42857143
2024/5/9 6:00,66.74285714,0.428571429,0.428571429,0.285714286,14.28571429,25,0.285714286,17.85714286
2024/5/9 7:00,90.17143,0.428571429,0.285714286,0.285714286,14.28571429,42.85714286,0.285714286,28.57142857
2024/5/9 8:00,70.6,0.428571429,0.428571429,0.285714286,10.71428571,28.57142857,0.285714286,28.57142857
2024/5/9 9:00,134.2571429,0.857142857,0.571428571,0.285714286,14.28571429,71.42857143,0.142857143,50
2024/5/9 10:00,150.0000014,0.857142857,0.571428571,0.285714286,35.71428571,53.57142857,0.285714286,42.85714286
2024/5/9 11:00,233.5428586,1,0.857142857,0.428571429,89.28571429,50,0.428571429,57.14285714
2024/5/9 12:00,129.8,0.571428571,0.285714286,0.142857143,35.71428571,39.28571429,0.428571429,28.57142857
2024/5/9 13:00,83.74285571,0.285714286,0.285714286,0.285714286,28.57142857,25,0.285714286,14.28571429
2024/5/9 14:00,295.85714,1,1,1,100,100,1,100
2024/5/9 15:00,315.6285757,1,1,1,100,100,1,100
2024/5/9 16:00,290.3999943,1,1,1,100,100,1,100
2024/5/9 17:00,126.6,0.571428571,0.428571429,0.142857143,35.71428571,35.71428571,0.142857143,35.71428571
2024/5/9 18:00,142.1999971,0.714285714,0.428571429,0.142857143,42.85714286,17.85714286,0.285714286,57.14285714
2024/5/9 19:00,123.2857114,0.714285714,0.571428571,0.142857143,42.85714286,21.42857143,0.142857143,53.57142857
2024/5/9 20:00,119.1999986,0.571428571,0.428571429,0.142857143,21.42857143,42.85714286,0.142857143,35.71428571
2024/5/9 21:00,139.5142871,0.714285714,0.428571429,0.285714286,35.71428571,60.71428571,0.285714286,28.57142857
2024/5/9 22:00,88.48571571,0.714285714,0.142857143,0.285714286,17.85714286,42.85714286,0.285714286,10.71428571
2024/5/9 23:00,42.17142857,0.285714286,0,0.285714286,25,0,0.285714286,0
2024/5/10 0:00,45.62857143,0.142857143,0,0.285714286,14.28571429,14.28571429,0.285714286,0
2024/5/10 1:00,88.17142857,0.714285714,0.428571429,0.285714286,17.85714286,25,0.285714286,21.42857143
2024/5/10 2:00,95.42857286,0.571428571,0.428571429,0.285714286,3.571428571,50,0.285714286,28.57142857
2024/5/10 3:00,91.25714571,0.428571429,0.285714286,0.285714286,21.42857143,25,0.285714286,28.57142857
2024/5/10 4:00,28.08571429,0,0,0.142857143,3.571428571,3.571428571,0.142857143,0
2024/5/10 5:00,79.82856857,0.285714286,0.285714286,0.142857143,28.57142857,28.57142857,0.142857143,28.57142857
2024/5/10 6:00,50.65714143,0.285714286,0.142857143,0.142857143,14.28571429,21.42857143,0.142857143,7.142857143
2024/5/10 7:00,58.97143,0.285714286,0.285714286,0.285714286,14.28571429,17.85714286,0.285714286,14.28571429
2024/5/10 8:00,83.94285857,0.285714286,0.285714286,0.285714286,25,28.57142857,0.285714286,28.57142857
2024/5/10 9:00,129.1428543,0.714285714,0.285714286,0.285714286,50,25,0.285714286,35.71428571
2024/5/10 10:00,144.2857129,0.714285714,0.714285714,0.285714286,50,64.28571429,0.285714286,28.57142857
2024/5/10 11:00,258.0571443,0.857142857,0.857142857,0.857142857,85.71428571,85.71428571,0.857142857,85.71428571
2024/5/10 12:00,297.4571457,1,1,1,100,100,1,100
2024/5/10 13:00,272.8857114,1,1,1,100,100,1,100
2024/5/10 14:00,123.2285771,0.714285714,0.428571429,0.142857143,25,28.57142857,0.142857143,35.71428571
2024/5/10 15:00,174.42857,0.857142857,0.857142857,0.142857143,32.14285714,50,0.142857143,57.14285714
2024/5/10 16:00,213.3142857,1,0.857142857,0.285714286,35.71428571,75,0.285714286,46.42857143
2024/5/10 17:00,211.3714257,0.857142857,0.857142857,0.285714286,21.42857143,89.28571429,0.285714286,50
2024/5/10 18:00,142.2571414,0.857142857,0.857142857,0.142857143,0,67.85714286,0.142857143,21.42857143
2024/5/10 19:00,185.8000014,1,0.714285714,0.428571429,32.14285714,82.14285714,0.428571429,35.71428571
2024/5/10 20:00,155.9142829,0.571428571,0.571428571,0.428571429,35.71428571,42.85714286,0.428571429,42.85714286
2024/5/10 21:00,101.8571414,0.428571429,0.285714286,0.285714286,28.57142857,35.71428571,0.285714286,17.85714286
2024/5/10 22:00,91,0.428571429,0.285714286,0.285714286,21.42857143,25,0.285714286,28.57142857
2024/5/10 23:00,66.77142857,0.428571429,0.285714286,0.285714286,32.14285714,0,0.285714286,14.28571429
2024/5/11 0:00,66.65714143,0.285714286,0.285714286,0.142857143,3.571428571,28.57142857,0.142857143,14.28571429
2024/5/11 1:00,63.97142714,0.285714286,0.142857143,0.142857143,28.57142857,14.28571429,0.142857143,14.28571429
2024/5/11 2:00,48.94285714,0.285714286,0.142857143,0.285714286,14.28571429,10.71428571,0.285714286,0
2024/5/11 3:00,75.77143,0.571428571,0.285714286,0.285714286,14.28571429,35.71428571,0.285714286,25
2024/5/11 4:00,68.88571429,0.285714286,0.285714286,0.285714286,28.57142857,14.28571429,0.285714286,25
2024/5/11 5:00,85.37143,0.571428571,0.428571429,0.285714286,35.71428571,21.42857143,0.285714286,28.57142857
2024/5/11 6:00,81.51428714,0.571428571,0.571428571,0,32.14285714,25,0,25
2024/5/11 7:00,83.22857,0.428571429,0.285714286,0,28.57142857,28.57142857,0,28.57142857
2024/5/11 8:00,84.37143,0.285714286,0.285714286,0.285714286,28.57142857,25,0.285714286,28.57142857
2024/5/11 9:00,162.9142886,0.714285714,0.571428571,0.714285714,64.28571429,42.85714286,0.571428571,42.85714286
2024/5/11 10:00,212.1714271,1,0.714285714,0.428571429,82.14285714,85.71428571,0.428571429,32.14285714
2024/5/11 11:00,155.8,0.714285714,0.428571429,0.428571429,42.85714286,64.28571429,0.428571429,32.14285714
2024/5/11 12:00,105.9428557,0.428571429,0.285714286,0.428571429,28.57142857,39.28571429,0.428571429,21.42857143
2024/5/11 13:00,108.5142814,0.428571429,0.285714286,0.285714286,28.57142857,32.14285714,0.285714286,32.14285714
2024/5/11 14:00,129.1714271,0.714285714,0.285714286,0.285714286,32.14285714,42.85714286,0.285714286,35.71428571
2024/5/11 15:00,158.9428543,0.714285714,0.428571429,0.285714286,32.14285714,57.14285714,0.285714286,42.85714286
2024/5/11 16:00,143.6571443,0.714285714,0.428571429,0.285714286,28.57142857,53.57142857,0.285714286,32.14285714
2024/5/11 17:00,156.2333333,0.833333333,0.333333333,0.166666667,50,33.33333333,0.166666667,45.83333333
2024/5/11 18:00,152.2285671,0.571428571,0.285714286,0.285714286,50,32.14285714,0.285714286,53.57142857
2024/5/11 19:00,137.17143,0.571428571,0.571428571,0.285714286,28.57142857,50,0.285714286,25
2024/5/11 20:00,127.4571457,0.571428571,0.285714286,0.285714286,35.71428571,50,0.285714286,28.57142857
2024/5/11 21:00,230.5714286,0.857142857,0.857142857,0.857142857,85.71428571,85.71428571,0.857142857,85.71428571
2024/5/11 22:00,255.2285757,1,1,1,100,100,1,100
2024/5/11 23:00,248.9428586,1,1,1,100,100,1,100
2024/5/12 0:00,237.45714,1,0.857142857,1,100,100,1,96.42857143
2024/5/12 1:00,46.88571429,0.142857143,0,0.142857143,14.28571429,14.28571429,0.142857143,10.71428571
2024/5/12 2:00,32.17142857,0,0,0,3.571428571,0,0,14.28571429
2024/5/12 3:00,34.88571429,0.142857143,0.142857143,0.142857143,14.28571429,7.142857143,0.142857143,0
2024/5/12 4:00,34.71428714,0.142857143,0.142857143,0,0,10.71428571,0,14.28571429
2024/5/12 5:00,37.71428571,0.142857143,0,0.142857143,14.28571429,0,0.142857143,10.71428571
2024/5/12 6:00,32.91428571,0.142857143,0,0,0,14.28571429,0,7.142857143
2024/5/12 7:00,46.20000143,0.285714286,0,0,10.71428571,21.42857143,0,7.142857143
2024/5/12 8:00,53.25714571,0.285714286,0.142857143,0.142857143,14.28571429,25,0.142857143,7.142857143
2024/5/12 9:00,131.1142829,0.714285714,0.428571429,0.285714286,32.14285714,42.85714286,0.285714286,50
2024/5/12 10:00,149.05714,0.714285714,0.571428571,0.285714286,50,60.71428571,0.285714286,35.71428571
2024/5/12 11:00,98.82857,0.571428571,0.428571429,0,25,28.57142857,0,28.57142857
2024/5/12 12:00,121.6000014,0.571428571,0.428571429,0.285714286,39.28571429,32.14285714,0.285714286,14.28571429
2024/5/12 13:00,86.05714429,0.571428571,0.142857143,0.142857143,14.28571429,39.28571429,0.142857143,7.142857143
2024/5/12 14:00,113.7714286,0.571428571,0.428571429,0.285714286,53.57142857,28.57142857,0.285714286,21.42857143
2024/5/12 15:00,148.0285743,0.571428571,0.428571429,0.285714286,35.71428571,35.71428571,0.285714286,35.71428571
2024/5/12 16:00,127.9999986,0.571428571,0.428571429,0.285714286,39.28571429,32.14285714,0.285714286,35.71428571
2024/5/12 17:00,126.2571429,0.571428571,0.428571429,0.142857143,50,35.71428571,0.142857143,28.57142857
2024/5/12 18:00,132.1714286,0.714285714,0.571428571,0.285714286,25,42.85714286,0.285714286,39.28571429
2024/5/12 19:00,105.6,0.428571429,0.428571429,0.285714286,28.57142857,28.57142857,0.285714286,25
2024/5/12 20:00,101.4857143,0.571428571,0.285714286,0.285714286,21.42857143,28.57142857,0.285714286,17.85714286
2024/5/12 21:00,120.0285757,0.571428571,0.285714286,0.285714286,35.71428571,28.57142857,0.285714286,35.71428571
2024/5/12 22:00,91.05714286,0.428571429,0.142857143,0.142857143,14.28571429,42.85714286,0.142857143,28.57142857
2024/5/12 23:00,113.6857157,0.714285714,0.571428571,0.285714286,35.71428571,42.85714286,0.285714286,35.71428571
2024/5/13 0:00,58.71428857,0.285714286,0.285714286,0.142857143,28.57142857,7.142857143,0.142857143,14.28571429
2024/5/13 1:00,57.02857143,0.285714286,0.285714286,0.142857143,21.42857143,14.28571429,0.142857143,14.28571429
2024/5/13 2:00,64.17142857,0.285714286,0.142857143,0.142857143,28.57142857,14.28571429,0.142857143,14.28571429
2024/5/13 3:00,66.65714286,0.285714286,0.142857143,0.142857143,21.42857143,14.28571429,0.142857143,28.57142857
2024/5/13 4:00,55.71428571,0.285714286,0.142857143,0.142857143,28.57142857,3.571428571,0.142857143,14.28571429
2024/5/13 5:00,38.71428571,0.142857143,0,0,7.142857143,7.142857143,0,14.28571429
2024/5/13 6:00,49.14285714,0.142857143,0.142857143,0.285714286,14.28571429,21.42857143,0.285714286,0
2024/5/13 7:00,54.54285857,0.142857143,0.142857143,0.285714286,14.28571429,10.71428571,0.285714286,14.28571429
2024/5/13 8:00,58.51428714,0.285714286,0.142857143,0.142857143,7.142857143,28.57142857,0.142857143,17.85714286
2024/5/13 9:00,120.34286,0.571428571,0.571428571,0.285714286,42.85714286,35.71428571,0.285714286,35.71428571
2024/5/13 10:00,112.0285743,0.571428571,0.285714286,0.142857143,42.85714286,17.85714286,0.285714286,42.85714286
2024/5/13 11:00,91.11428571,0.428571429,0.285714286,0.285714286,21.42857143,32.14285714,0.285714286,14.28571429
2024/5/13 12:00,128.9428586,0.571428571,0.428571429,0.285714286,28.57142857,50,0.285714286,25
2024/5/13 13:00,115.6,0.428571429,0.428571429,0.285714286,39.28571429,21.42857143,0.285714286,17.85714286
2024/5/13 14:00,128.8571429,0.714285714,0.571428571,0.142857143,28.57142857,28.57142857,0.285714286,50
2024/5/13 15:00,204.3714286,1,0.714285714,0.285714286,39.28571429,78.57142857,0.285714286,39.28571429
2024/5/13 16:00,182.6857157,0.714285714,0.714285714,0.285714286,53.57142857,28.57142857,0.285714286,50
2024/5/13 17:00,178.8,0.571428571,0.571428571,0.571428571,57.14285714,46.42857143,0.285714286,32.14285714
2024/5/13 18:00,140.7999986,0.714285714,0.571428571,0.142857143,42.85714286,39.28571429,0.428571429,14.28571429
2024/5/13 19:00,136.4857157,0.714285714,0.571428571,0.285714286,21.42857143,32.14285714,0.285714286,53.57142857
2024/5/13 20:00,97.31428857,0.428571429,0.285714286,0.285714286,21.42857143,28.57142857,0.285714286,39.28571429
2024/5/13 21:00,53.54285714,0.142857143,0.142857143,0.142857143,14.28571429,7.142857143,0.142857143,14.28571429
2024/5/13 22:00,82.74285714,0.571428571,0.285714286,0.285714286,28.57142857,42.85714286,0.285714286,7.142857143
2024/5/13 23:00,245.1999943,1,1,0.857142857,100,85.71428571,0.857142857,85.71428571
2024/5/14 0:00,259.4571386,1,1,1,100,100,1,100
2024/5/14 1:00,249.7142857,1,1,1,100,100,1,100
2024/5/14 2:00,52.48571429,0.142857143,0.142857143,0.142857143,14.28571429,14.28571429,0.142857143,14.28571429
2024/5/14 3:00,19,0,0,0,0,0,0,0
2024/5/14 4:00,31.85714286,0.285714286,0,0,0,0,0,14.28571429
2024/5/14 5:00,53.28571714,0.285714286,0.142857143,0.142857143,14.28571429,10.71428571,0.142857143,14.28571429
2024/5/14 6:00,67.37142857,0.285714286,0.285714286,0.142857143,28.57142857,17.85714286,0.285714286,14.28571429
2024/5/14 7:00,34.86666667,0.166666667,0,0,0,16.66666667,0,8.333333333
2024/5/14 8:00,58.08571429,0.428571429,0.142857143,0.142857143,7.142857143,14.28571429,0.142857143,14.28571429
2024/5/14 9:00,110.2571429,0.571428571,0.428571429,0.142857143,35.71428571,35.71428571,0.142857143,28.57142857
2024/5/14 10:00,132.1142857,0.714285714,0.428571429,0.285714286,32.14285714,42.85714286,0.142857143,46.42857143
2024/5/14 11:00,89.31428571,0.571428571,0.571428571,0.285714286,21.42857143,39.28571429,0.142857143,3.571428571
2024/5/14 12:00,95.08571571,0.714285714,0.571428571,0.285714286,14.28571429,46.42857143,0.285714286,25
2024/5/14 13:00,159.4285714,1,1,0.285714286,28.57142857,92.85714286,0.285714286,25
2024/5/14 14:00,88.22857,0.571428571,0.428571429,0.142857143,14.28571429,42.85714286,0.142857143,10.71428571
2024/5/14 15:00,191.9999986,0.857142857,0.857142857,0.285714286,57.14285714,53.57142857,0.285714286,42.85714286
2024/5/14 16:00,180.1999943,0.714285714,0.714285714,0.285714286,50,50,0.285714286,32.14285714
2024/5/14 17:00,136.8857114,0.714285714,0.571428571,0.285714286,28.57142857,39.28571429,0.285714286,39.28571429
2024/5/14 18:00,146.5142857,0.714285714,0.714285714,0.285714286,39.28571429,50,0.285714286,35.71428571
2024/5/14 19:00,128.88571,0.571428571,0.571428571,0.285714286,42.85714286,35.71428571,0.285714286,21.42857143
2024/5/14 20:00,132.6285714,0.571428571,0.571428571,0.285714286,14.28571429,28.57142857,0.285714286,46.42857143
2024/5/14 21:00,96.28571429,0.428571429,0.428571429,0.285714286,28.57142857,28.57142857,0.285714286,21.42857143
2024/5/14 22:00,83.17143,0.285714286,0.285714286,0.285714286,28.57142857,28.57142857,0.285714286,14.28571429
2024/5/14 23:00,66.42857143,0.428571429,0.285714286,0.285714286,14.28571429,32.14285714,0.285714286,7.142857143
2024/5/15 0:00,67.2,0.285714286,0.142857143,0.142857143,28.57142857,21.42857143,0.142857143,10.71428571
2024/5/15 1:00,79.91428714,0.428571429,0.285714286,0.285714286,28.57142857,21.42857143,0.285714286,21.42857143
2024/5/15 2:00,67.51428571,0.285714286,0.285714286,0.285714286,25,28.57142857,0.285714286,0
2024/5/15 3:00,61.60000286,0.285714286,0.142857143,0.142857143,7.142857143,28.57142857,0.142857143,17.85714286
2024/5/15 4:00,51.37143,0.285714286,0.142857143,0.285714286,17.85714286,7.142857143,0.285714286,14.28571429
2024/5/15 5:00,42.37143,0.142857143,0.142857143,0.142857143,14.28571429,7.142857143,0.142857143,10.71428571
2024/5/15 6:00,42.2,0.142857143,0.142857143,0.285714286,14.28571429,7.142857143,0.285714286,7.142857143
2024/5/15 7:00,35.80000143,0.142857143,0.142857143,0.142857143,10.71428571,14.28571429,0,0
2024/5/15 8:00,77.11428429,0.285714286,0.285714286,0.285714286,28.57142857,21.42857143,0.285714286,17.85714286
2024/5/15 9:00,122.9142857,0.571428571,0.428571429,0.285714286,28.57142857,46.42857143,0.285714286,39.28571429
2024/5/15 10:00,133.6285714,0.857142857,0.714285714,0.285714286,39.28571429,64.28571429,0.285714286,21.42857143
2024/5/15 11:00,100.9714286,0.571428571,0.285714286,0.285714286,28.57142857,35.71428571,0.285714286,17.85714286
2024/5/15 12:00,147.1428514,0.857142857,0.571428571,0.285714286,46.42857143,60.71428571,0.285714286,21.42857143
2024/5/15 13:00,109.1142829,0.428571429,0.285714286,0.285714286,21.42857143,42.85714286,0.285714286,35.71428571
2024/5/15 14:00,86.17142571,0.428571429,0.142857143,0.285714286,14.28571429,28.57142857,0.142857143,21.42857143
2024/5/15 15:00,124.4285729,0.571428571,0.285714286,0,50,35.71428571,0.142857143,28.57142857
2024/5/15 16:00,128.6285714,0.714285714,0.428571429,0.285714286,42.85714286,64.28571429,0.285714286,7.142857143
2024/5/15 17:00,146.6857143,0.571428571,0.428571429,0.428571429,39.28571429,60.71428571,0.428571429,28.57142857
2024/5/15 18:00,119.4571429,0.714285714,0.142857143,0.285714286,25,42.85714286,0.285714286,35.71428571
2024/5/15 19:00,125.6857143,0.714285714,0.285714286,0.285714286,28.57142857,53.57142857,0.285714286,39.28571429
2024/5/15 20:00,107.8571443,0.571428571,0.285714286,0.285714286,25,39.28571429,0.285714286,28.57142857
2024/5/15 21:00,109.0857157,0.571428571,0.285714286,0.285714286,25,39.28571429,0.285714286,28.57142857
2024/5/15 22:00,126.14286,0.571428571,0.285714286,0.571428571,42.85714286,32.14285714,0.571428571,39.28571429
2024/5/15 23:00,57.00000143,0.428571429,0.142857143,0.428571429,28.57142857,14.28571429,0.142857143,0
2024/5/16 0:00,99.37142857,0.571428571,0.285714286,0.142857143,42.85714286,25,0.428571429,28.57142857
2024/5/16 1:00,57.68571429,0.285714286,0.142857143,0.285714286,14.28571429,17.85714286,0.285714286,14.28571429
2024/5/16 2:00,51.05714143,0.142857143,0.142857143,0.142857143,14.28571429,14.28571429,0.142857143,14.28571429
2024/5/16 3:00,46.37143,0.285714286,0,0.142857143,14.28571429,17.85714286,0.142857143,0
2024/5/16 4:00,72.11428714,0.285714286,0.285714286,0.285714286,28.57142857,14.28571429,0.285714286,28.57142857
2024/5/16 5:00,80.51428714,0.428571429,0.142857143,0.285714286,28.57142857,32.14285714,0.285714286,14.28571429
2024/5/16 6:00,60.22857286,0.285714286,0.142857143,0.142857143,14.28571429,28.57142857,0.142857143,14.28571429
2024/5/16 7:00,73.65714143,0.285714286,0.285714286,0.142857143,21.42857143,14.28571429,0.142857143,35.71428571
2024/5/16 8:00,87.31428286,0.571428571,0.285714286,0.285714286,35.71428571,14.28571429,0.285714286,35.71428571
2024/5/16 9:00,130.2857171,0.571428571,0.285714286,0.285714286,35.71428571,42.85714286,0.285714286,50
2024/5/16 10:00,130.2000043,0.714285714,0.571428571,0.428571429,35.71428571,39.28571429,0.428571429,39.28571429
2024/5/16 11:00,138.2571471,0.714285714,0.428571429,0.428571429,32.14285714,46.42857143,0.428571429,21.42857143
2024/5/16 12:00,189.2571457,0.857142857,0.428571429,0.428571429,42.85714286,64.28571429,0.428571429,64.28571429
2024/5/16 13:00,101.5714286,0.571428571,0.571428571,0.285714286,35.71428571,32.14285714,0.285714286,21.42857143
2024/5/16 14:00,101.97143,0.285714286,0.285714286,0.428571429,28.57142857,28.57142857,0.428571429,32.14285714
2024/5/16 15:00,127.9428543,0.428571429,0.285714286,0.285714286,25,42.85714286,0.285714286,35.71428571
2024/5/16 16:00,150.0285671,0.714285714,0.714285714,0.285714286,32.14285714,46.42857143,0.285714286,32.14285714
2024/5/16 17:00,114.1714286,0.571428571,0.571428571,0.285714286,28.57142857,35.71428571,0.285714286,21.42857143
2024/5/16 18:00,95.74285714,0.714285714,0.428571429,0.285714286,7.142857143,39.28571429,0.285714286,21.42857143
2024/5/16 19:00,132.14286,0.571428571,0.571428571,0.428571429,32.14285714,57.14285714,0.428571429,28.57142857
2024/5/16 20:00,129.7428571,0.714285714,0.428571429,0.428571429,28.57142857,57.14285714,0.428571429,35.71428571
2024/5/16 21:00,76.8,0.428571429,0.285714286,0.142857143,0,42.85714286,0.142857143,25
2024/5/16 22:00,102.7714286,0.571428571,0.571428571,0.285714286,28.57142857,50,0.285714286,21.42857143
2024/5/16 23:00,95.28571286,0.428571429,0.428571429,0.285714286,17.85714286,28.57142857,0.285714286,32.14285714
2024/5/17 0:00,86.97143,0.428571429,0.428571429,0.285714286,25,42.85714286,0.285714286,17.85714286
2024/5/17 1:00,70.14285571,0.428571429,0.285714286,0.285714286,14.28571429,28.57142857,0.285714286,17.85714286
2024/5/17 2:00,70.11428429,0.428571429,0.428571429,0.142857143,14.28571429,28.57142857,0.142857143,21.42857143
2024/5/17 3:00,90.60000286,0.428571429,0.428571429,0.285714286,39.28571429,21.42857143,0.285714286,28.57142857
2024/5/17 4:00,90.80000143,0.571428571,0.285714286,0.285714286,28.57142857,32.14285714,0.285714286,17.85714286
2024/5/17 5:00,99.54285571,0.571428571,0.428571429,0.285714286,14.28571429,42.85714286,0.285714286,35.71428571
2024/5/17 6:00,88.99999857,0.428571429,0.428571429,0.285714286,32.14285714,21.42857143,0.285714286,25
2024/5/17 7:00,120.0857129,0.714285714,0.714285714,0.285714286,28.57142857,42.85714286,0.285714286,39.28571429
2024/5/17 8:00,99.62857143,0.714285714,0.571428571,0.285714286,21.42857143,35.71428571,0.285714286,25
2024/5/17 9:00,139.1428557,0.714285714,0.428571429,0.285714286,42.85714286,39.28571429,0.285714286,32.14285714
2024/5/17 10:00,169.1714271,1,0.714285714,0.285714286,71.42857143,50,0.285714286,28.57142857
2024/5/17 11:00,153.8571457,0.571428571,0.571428571,0.428571429,42.85714286,50,0.428571429,35.71428571
2024/5/17 12:00,117.9666667,0.5,0.5,0.166666667,16.66666667,50,0.166666667,29.16666667
2024/5/17 13:00,134.6571429,0.571428571,0.571428571,0.285714286,46.42857143,21.42857143,0.285714286,35.71428571
2024/5/17 14:00,139.0571429,0.428571429,0.428571429,0.285714286,28.57142857,28.57142857,0.285714286,35.71428571
2024/5/17 15:00,226.8285671,0.857142857,0.857142857,0.285714286,57.14285714,71.42857143,0.285714286,42.85714286
2024/5/17 16:00,232.3142871,1,1,0.285714286,50,71.42857143,0.285714286,71.42857143
2024/5/17 17:00,258.57143,1,1,0.428571429,75,78.57142857,0.428571429,64.28571429
2024/5/17 18:00,250.0857143,1,1,0.428571429,42.85714286,100,0.571428571,64.28571429
2024/5/17 19:00,247.0285686,1,1,0.428571429,64.28571429,50,0.428571429,78.57142857
2024/5/17 20:00,211.2857143,1,1,0.285714286,32.14285714,67.85714286,0.285714286,60.71428571
2024/5/17 21:00,202.0571429,1,1,0.285714286,10.71428571,96.42857143,0.285714286,46.42857143
2024/5/17 22:00,221.5714286,1,1,0.285714286,67.85714286,67.85714286,0.285714286,60.71428571
2024/5/17 23:00,135.62857,0.714285714,0.571428571,0.142857143,10.71428571,57.14285714,0.285714286,35.71428571
2024/5/18 0:00,119.6285714,0.714285714,0.571428571,0.285714286,35.71428571,28.57142857,0.285714286,42.85714286
2024/5/18 1:00,155.5142871,0.857142857,0.857142857,0.571428571,35.71428571,46.42857143,0.571428571,64.28571429
2024/5/18 2:00,113.25714,0.571428571,0.571428571,0.428571429,14.28571429,39.28571429,0,50
2024/5/18 3:00,78.85714,0.428571429,0.428571429,0.142857143,35.71428571,0,0.428571429,28.57142857
2024/5/18 4:00,78.54285857,0.285714286,0.285714286,0.142857143,14.28571429,28.57142857,0.285714286,21.42857143
2024/5/18 5:00,77.28571429,0.571428571,0.285714286,0.285714286,28.57142857,28.57142857,0.285714286,14.28571429
2024/5/18 6:00,98.60000143,0.571428571,0.428571429,0.285714286,28.57142857,39.28571429,0.285714286,28.57142857
2024/5/18 7:00,96.62857,0.428571429,0.285714286,0.142857143,28.57142857,32.14285714,0.142857143,28.57142857
2024/5/18 8:00,94.91428429,0.428571429,0.428571429,0.142857143,14.28571429,39.28571429,0.142857143,35.71428571
2024/5/18 9:00,161.8857157,0.857142857,0.857142857,0.428571429,28.57142857,64.28571429,0.428571429,50
2024/5/18 10:00,203.7428571,1,1,0.142857143,28.57142857,100,0,64.28571429
2024/5/18 11:00,130.8857143,0.571428571,0.571428571,0.285714286,28.57142857,42.85714286,0.285714286,35.71428571
2024/5/18 12:00,104.9714271,0.428571429,0.428571429,0.285714286,25,25,0.285714286,14.28571429
2024/5/18 13:00,139.8857157,0.571428571,0.571428571,0.142857143,28.57142857,46.42857143,0.142857143,42.85714286
2024/5/18 14:00,154.1428557,0.571428571,0.571428571,0.428571429,42.85714286,50,0.428571429,42.85714286
2024/5/18 15:00,215.54286,0.857142857,0.857142857,0.428571429,71.42857143,71.42857143,0.428571429,42.85714286
2024/5/18 16:00,236.2285729,1,1,0.428571429,50,71.42857143,0.571428571,67.85714286
2024/5/18 17:00,220.8857114,0.857142857,0.857142857,0.428571429,57.14285714,71.42857143,0.428571429,53.57142857
2024/5/18 18:00,240.5714271,1,1,0.285714286,71.42857143,64.28571429,0.285714286,64.28571429
2024/5/18 19:00,206.6857129,1,1,0.428571429,78.57142857,57.14285714,0.428571429,42.85714286
2024/5/18 20:00,175.6571471,0.714285714,0.714285714,0.285714286,50,50,0.285714286,50
2024/5/18 21:00,226.54286,1,1,0.285714286,71.42857143,57.14285714,0.285714286,64.28571429
2024/5/18 22:00,175.9714343,0.714285714,0.714285714,0.285714286,28.57142857,64.28571429,0.285714286,25
2024/5/18 23:00,189.0571414,0.714285714,0.714285714,0.285714286,32.14285714,67.85714286,0.285714286,28.57142857
2024/5/19 0:00,111.0571429,0.571428571,0.428571429,0.285714286,21.42857143,46.42857143,0.285714286,14.28571429
2024/5/19 1:00,160.3142886,0.714285714,0.714285714,0.428571429,42.85714286,64.28571429,0.428571429,50
2024/5/19 2:00,116.1428571,0.571428571,0.428571429,0.285714286,17.85714286,46.42857143,0.285714286,28.57142857
2024/5/19 3:00,110.8571457,0.571428571,0.571428571,0.285714286,28.57142857,46.42857143,0.285714286,28.57142857
2024/5/19 4:00,113.3142843,0.857142857,0.714285714,0.285714286,39.28571429,39.28571429,0.285714286,17.85714286
2024/5/19 5:00,108.1714286,0.857142857,0.714285714,0.285714286,28.57142857,42.85714286,0.285714286,14.28571429
2024/5/19 6:00,138.4285729,0.857142857,0.714285714,0.285714286,25,67.85714286,0.285714286,28.57142857
2024/5/19 7:00,110.9714286,0.571428571,0.571428571,0.142857143,28.57142857,42.85714286,0.142857143,32.14285714
2024/5/19 8:00,106.5999971,0.571428571,0.571428571,0.285714286,28.57142857,46.42857143,0.285714286,17.85714286
2024/5/19 9:00,144.4285729,0.571428571,0.571428571,0.285714286,50,42.85714286,0.285714286,28.57142857
2024/5/19 10:00,178.17143,0.857142857,0.857142857,0.285714286,35.71428571,64.28571429,0.285714286,53.57142857
2024/5/19 11:00,163.8285714,0.857142857,0.857142857,0.428571429,42.85714286,64.28571429,0.428571429,28.57142857
2024/5/19 12:00,151.17143,0.714285714,0.714285714,0.285714286,64.28571429,35.71428571,0.285714286,28.57142857
2024/5/19 13:00,132.9428557,0.714285714,0.714285714,0.285714286,50,39.28571429,0.285714286,25
2024/5/19 14:00,106.9428543,0.428571429,0.428571429,0.285714286,28.57142857,35.71428571,0.285714286,17.85714286
2024/5/19 15:00,201.34286,0.714285714,0.714285714,0.285714286,42.85714286,50,0.285714286,57.14285714
2024/5/19 16:00,240.2857157,1,1,0.285714286,71.42857143,57.14285714,0.285714286,64.28571429
2024/5/19 17:00,233.0857129,1,1,0.285714286,64.28571429,71.42857143,0.285714286,57.14285714
2024/5/19 18:00,221.9142814,1,1,0.285714286,57.14285714,60.71428571,0.285714286,78.57142857
2024/5/19 19:00,217.2571429,1,1,0.142857143,67.85714286,57.14285714,0.285714286,50
2024/5/19 20:00,192.22857,1,1,0.142857143,50,67.85714286,0.142857143,17.85714286
2024/5/19 21:00,152.0285729,0.714285714,0.714285714,0.142857143,17.85714286,57.14285714,0.142857143,42.85714286
2024/5/19 22:00,115.8857129,0.571428571,0.428571429,0.285714286,46.42857143,32.14285714,0.285714286,14.28571429
2024/5/19 23:00,96.45714286,0.571428571,0.571428571,0.285714286,32.14285714,14.28571429,0.285714286,39.28571429
2024/5/20 0:00,59.85714286,0.285714286,0.285714286,0.285714286,10.71428571,14.28571429,0.285714286,25
2024/5/20 1:00,89.4,0.285714286,0.285714286,0.285714286,17.85714286,28.57142857,0.285714286,28.57142857
2024/5/20 2:00,85.97142857,0.428571429,0.285714286,0.428571429,28.57142857,28.57142857,0.428571429,17.85714286
2024/5/20 3:00,64.68571429,0.428571429,0.428571429,0.285714286,35.71428571,7.142857143,0.428571429,0
2024/5/20 4:00,114.94286,0.714285714,0.714285714,0.428571429,46.42857143,35.71428571,0.142857143,28.57142857
2024/5/20 5:00,94.97143,0.571428571,0.285714286,0.285714286,28.57142857,42.85714286,0.428571429,21.42857143
2024/5/20 6:00,45.11428714,0.285714286,0,0.142857143,3.571428571,10.71428571,0.142857143,14.28571429
2024/5/20 7:00,74.39999857,0.285714286,0.285714286,0.285714286,28.57142857,14.28571429,0.285714286,28.57142857
2024/5/20 8:00,60.37142857,0.285714286,0.142857143,0.142857143,0,28.57142857,0.142857143,17.85714286
2024/5/20 9:00,98.82857143,0.428571429,0.428571429,0.285714286,14.28571429,28.57142857,0.285714286,35.71428571
2024/5/20 10:00,113.6571443,0.571428571,0.428571429,0.285714286,28.57142857,57.14285714,0.285714286,21.42857143
2024/5/20 11:00,125.4571457,0.571428571,0.428571429,0.142857143,42.85714286,28.57142857,0.142857143,42.85714286
2024/5/20 12:00,130.3428571,0.571428571,0.285714286,0.285714286,35.71428571,32.14285714,0.285714286,42.85714286
2024/5/20 13:00,69.02857429,0.285714286,0.142857143,0.142857143,14.28571429,28.57142857,0.142857143,17.85714286
2024/5/20 14:00,50.17143,0.285714286,0.142857143,0.142857143,0,28.57142857,0.142857143,3.571428571
2024/5/20 15:00,130.8571443,0.714285714,0.714285714,0.142857143,42.85714286,35.71428571,0.142857143,28.57142857
2024/5/20 16:00,151.1999957,0.714285714,0.714285714,0.285714286,35.71428571,57.14285714,0.285714286,50
2024/5/20 17:00,128.6857143,0.571428571,0.571428571,0.428571429,25,39.28571429,0.428571429,28.57142857
2024/5/20 18:00,98.94285714,0.428571429,0.285714286,0.285714286,32.14285714,28.57142857,0.285714286,14.28571429
2024/5/20 19:00,119.3999971,0.714285714,0.285714286,0.285714286,25,50,0.285714286,25
2024/5/20 20:00,128.2857129,0.571428571,0.571428571,0.285714286,21.42857143,53.57142857,0.285714286,35.71428571
2024/5/20 21:00,92.71428714,0.714285714,0.428571429,0.285714286,25,32.14285714,0.285714286,7.142857143
2024/5/20 22:00,83.42857143,0.428571429,0.428571429,0.285714286,28.57142857,17.85714286,0.285714286,21.42857143
2024/5/20 23:00,64.25714286,0.428571429,0.142857143,0.285714286,17.85714286,14.28571429,0.285714286,14.28571429
2024/5/21 0:00,43,0.142857143,0.142857143,0.142857143,0,14.28571429,0.142857143,14.28571429
2024/5/21 1:00,72.85714143,0.285714286,0.285714286,0.285714286,28.57142857,14.28571429,0.285714286,28.57142857
2024/5/21 2:00,81.94285714,0.285714286,0.285714286,0.285714286,14.28571429,28.57142857,0.285714286,28.57142857
2024/5/21 3:00,122.8857114,0.571428571,0.285714286,0.285714286,28.57142857,53.57142857,0.285714286,28.57142857
2024/5/21 4:00,123.8857143,0.571428571,0.285714286,0.285714286,35.71428571,28.57142857,0.285714286,53.57142857
2024/5/21 5:00,106.1142857,0.428571429,0.285714286,0.285714286,28.57142857,42.85714286,0.285714286,32.14285714
2024/5/21 6:00,68.71428571,0.285714286,0.285714286,0.285714286,10.71428571,25,0.285714286,28.57142857
2024/5/21 7:00,96.00000143,0.571428571,0.571428571,0.285714286,28.57142857,28.57142857,0.285714286,35.71428571
2024/5/21 8:00,87.97143,0.285714286,0.285714286,0.285714286,28.57142857,28.57142857,0.285714286,28.57142857
2024/5/21 9:00,128.1714329,0.571428571,0.571428571,0.285714286,14.28571429,57.14285714,0.285714286,39.28571429
2024/5/21 10:00,154.0571457,0.714285714,0.714285714,0.285714286,28.57142857,71.42857143,0.285714286,39.28571429
2024/5/21 11:00,135.3142871,0.571428571,0.571428571,0.285714286,28.57142857,53.57142857,0.285714286,35.71428571
2024/5/21 12:00,118.4285714,0.571428571,0.428571429,0.285714286,28.57142857,35.71428571,0.285714286,32.14285714
2024/5/21 13:00,112.3142886,0.428571429,0.428571429,0.285714286,28.57142857,28.57142857,0.285714286,35.71428571
2024/5/21 14:00,166.8285714,0.857142857,0.714285714,0.285714286,14.28571429,71.42857143,0.285714286,28.57142857
2024/5/21 15:00,293.2000014,1,1,0.857142857,85.71428571,89.28571429,0.857142857,85.71428571
2024/5/21 16:00,324.7142814,1,1,1,100,100,1,100
2024/5/21 17:00,170.22857,0.857142857,0.857142857,0.142857143,35.71428571,50,0.285714286,50
2024/5/21 18:00,151.62857,0.714285714,0.714285714,0.142857143,35.71428571,35.71428571,0.285714286,50
2024/5/21 19:00,160.62857,0.714285714,0.714285714,0.285714286,39.28571429,50,0.285714286,42.85714286
2024/5/21 20:00,190.2285743,1,1,0.285714286,64.28571429,78.57142857,0.285714286,25
2024/5/21 21:00,88.22857429,0.428571429,0.428571429,0.285714286,28.57142857,32.14285714,0.285714286,10.71428571
2024/5/21 22:00,97.48571429,0.714285714,0.571428571,0.285714286,32.14285714,21.42857143,0.285714286,28.57142857
2024/5/21 23:00,110.82857,0.714285714,0.714285714,0.285714286,32.14285714,21.42857143,0.285714286,35.71428571
2024/5/22 0:00,137.7428571,0.857142857,0.714285714,0.285714286,17.85714286,25,0.285714286,64.28571429
2024/5/22 1:00,121.1142871,0.714285714,0.714285714,0.285714286,25,53.57142857,0.285714286,21.42857143
2024/5/22 2:00,88.54285714,0.571428571,0.428571429,0.285714286,28.57142857,14.28571429,0.285714286,32.14285714
2024/5/22 3:00,81.45714429,0.285714286,0.285714286,0.285714286,28.57142857,28.57142857,0.285714286,14.28571429
2024/5/22 4:00,88.62857286,0.285714286,0.285714286,0.285714286,21.42857143,28.57142857,0.285714286,28.57142857
2024/5/22 5:00,79.28571571,0.285714286,0.285714286,0.285714286,28.57142857,25,0.285714286,14.28571429
2024/5/22 6:00,88.22857286,0.428571429,0.428571429,0.285714286,28.57142857,39.28571429,0.285714286,14.28571429
2024/5/22 7:00,109.4857143,0.857142857,0.714285714,0.142857143,35.71428571,28.57142857,0.142857143,14.28571429
2024/5/22 8:00,87.54285714,0.714285714,0.428571429,0.142857143,14.28571429,25,0.142857143,21.42857143
2024/5/22 9:00,172.6857129,0.857142857,0.857142857,0.428571429,42.85714286,64.28571429,0.428571429,42.85714286
2024/5/22 10:00,189.8857157,1,0.857142857,0.428571429,64.28571429,71.42857143,0.142857143,25
2024/5/22 11:00,175.4571429,1,1,0.428571429,21.42857143,67.85714286,0.428571429,60.71428571
2024/5/22 12:00,147.0285671,0.714285714,0.571428571,0.142857143,35.71428571,39.28571429,0.142857143,50
2024/5/22 13:00,116.0285714,0.714285714,0.571428571,0.285714286,28.57142857,25,0.285714286,32.14285714
2024/5/22 14:00,145.8285714,0.571428571,0.428571429,0.285714286,42.85714286,28.57142857,0.285714286,46.42857143
2024/5/22 15:00,208.0285729,0.857142857,0.857142857,0.428571429,50,71.42857143,0.428571429,57.14285714
2024/5/22 16:00,182.5428614,0.714285714,0.714285714,0.428571429,64.28571429,50,0.428571429,42.85714286
2024/5/22 17:00,150.6571429,0.428571429,0.428571429,0.428571429,42.85714286,42.85714286,0.428571429,42.85714286
2024/5/22 18:00,196.9714314,0.714285714,0.714285714,0.428571429,42.85714286,71.42857143,0.428571429,57.14285714
2024/5/22 19:00,163.2571471,0.714285714,0.714285714,0.142857143,50,50,0.285714286,42.85714286
2024/5/22 20:00,186.9428586,0.857142857,0.857142857,0.428571429,39.28571429,28.57142857,0.428571429,60.71428571
2024/5/22 21:00,177.17143,0.857142857,0.857142857,0.285714286,39.28571429,67.85714286,0.285714286,39.28571429
2024/5/22 22:00,223.1142857,1,1,0.285714286,71.42857143,64.28571429,0.285714286,64.28571429
2024/5/22 23:00,199.5428571,1,1,0.285714286,57.14285714,85.71428571,0.285714286,42.85714286
2024/5/23 0:00,140.8000043,0.714285714,0.714285714,0.285714286,39.28571429,57.14285714,0.285714286,35.71428571
2024/5/23 1:00,86.37143,0.571428571,0.571428571,0.285714286,28.57142857,28.57142857,0.285714286,14.28571429
2024/5/23 2:00,94.94286,0.428571429,0.428571429,0.285714286,28.57142857,39.28571429,0.285714286,21.42857143
2024/5/23 3:00,88,0.428571429,0.428571429,0.285714286,35.71428571,14.28571429,0.285714286,28.57142857
2024/5/23 4:00,89.17142857,0.428571429,0.428571429,0.285714286,21.42857143,28.57142857,0.285714286,21.42857143
2024/5/23 5:00,92.82857143,0.571428571,0.428571429,0.285714286,28.57142857,32.14285714,0.285714286,28.57142857
2024/5/23 6:00,96.85714286,0.571428571,0.285714286,0.142857143,28.57142857,42.85714286,0.142857143,21.42857143
2024/5/23 7:00,106.7428586,0.428571429,0.285714286,0.285714286,42.85714286,35.71428571,0.285714286,17.85714286
2024/5/23 8:00,61.31428714,0.285714286,0.285714286,0.142857143,14.28571429,21.42857143,0.142857143,7.142857143
2024/5/23 9:00,120.2571414,0.571428571,0.571428571,0.428571429,14.28571429,35.71428571,0.428571429,39.28571429
2024/5/23 10:00,201.6285729,1,1,0.285714286,53.57142857,67.85714286,0.285714286,64.28571429
2024/5/23 11:00,205.8285714,1,1,0.285714286,82.14285714,50,0.285714286,57.14285714
2024/5/23 12:00,223.8857129,1,1,0.285714286,71.42857143,57.14285714,0.285714286,64.28571429
2024/5/23 13:00,139.3428571,0.571428571,0.571428571,0.285714286,39.28571429,32.14285714,0.285714286,28.57142857
2024/5/23 14:00,196.17143,0.857142857,0.857142857,0.285714286,42.85714286,57.14285714,0.285714286,57.14285714
2024/5/23 15:00,299.6571443,1,1,0.857142857,85.71428571,85.71428571,0.857142857,100
2024/5/23 16:00,327.45715,1,1,1,100,100,1,100
2024/5/23 17:00,226.7428571,1,1,0.285714286,42.85714286,92.85714286,0.285714286,57.14285714
2024/5/23 18:00,225.7428586,1,1,0.285714286,64.28571429,57.14285714,0.285714286,60.71428571
2024/5/23 19:00,182.2285757,1,1,0.285714286,25,75,0.285714286,42.85714286
2024/5/23 20:00,211.0857186,1,1,0.428571429,46.42857143,82.14285714,0.428571429,53.57142857
2024/5/23 21:00,200.7428571,1,1,0.285714286,78.57142857,57.14285714,0.285714286,53.57142857
2024/5/23 22:00,121.1428543,0.428571429,0.428571429,0.285714286,42.85714286,25,0.285714286,28.57142857
2024/5/23 23:00,132.3428543,0.571428571,0.571428571,0.285714286,28.57142857,57.14285714,0.285714286,35.71428571
2024/5/24 0:00,91.28571571,0.428571429,0.285714286,0.285714286,32.14285714,21.42857143,0.285714286,21.42857143
2024/5/24 1:00,115.8,0.428571429,0.428571429,0.285714286,28.57142857,42.85714286,0.285714286,35.71428571
2024/5/24 2:00,116.54286,0.571428571,0.428571429,0.428571429,28.57142857,39.28571429,0.428571429,32.14285714
2024/5/24 3:00,122.3428586,0.571428571,0.428571429,0.428571429,50,35.71428571,0.428571429,28.57142857
2024/5/24 4:00,125.9142871,0.571428571,0.571428571,0.285714286,28.57142857,57.14285714,0.428571429,35.71428571
2024/5/24 5:00,129.2857143,0.857142857,0.571428571,0.285714286,46.42857143,35.71428571,0.285714286,39.28571429
2024/5/24 6:00,116.8000014,0.714285714,0.428571429,0.142857143,42.85714286,46.42857143,0.142857143,25
2024/5/24 7:00,124.2000014,0.857142857,0.428571429,0.428571429,39.28571429,32.14285714,0.428571429,42.85714286
2024/5/24 8:00,112.34286,0.714285714,0.571428571,0.571428571,21.42857143,25,0.428571429,50
2024/5/24 9:00,165.2857157,0.714285714,0.714285714,0.428571429,35.71428571,60.71428571,0.142857143,39.28571429
2024/5/24 10:00,213.6571471,1,1,0.285714286,64.28571429,85.71428571,0.571428571,60.71428571
2024/5/24 11:00,176.2285686,1,0.714285714,0.428571429,39.28571429,75,0.428571429,35.71428571
2024/5/24 12:00,177.8571429,0.857142857,0.857142857,0.285714286,57.14285714,53.57142857,0.285714286,53.57142857
2024/5/24 13:00,131.94286,0.571428571,0.571428571,0.285714286,42.85714286,42.85714286,0.285714286,32.14285714
2024/5/24 14:00,94.79999857,0.428571429,0.428571429,0.285714286,32.14285714,21.42857143,0.285714286,28.57142857
2024/5/24 15:00,174.2285671,0.714285714,0.571428571,0.285714286,28.57142857,50,0.285714286,57.14285714
2024/5/24 16:00,195.2285686,0.857142857,0.857142857,0.285714286,42.85714286,50,0.285714286,78.57142857
2024/5/24 17:00,287.4571386,1,1,0.857142857,85.71428571,100,0.857142857,92.85714286
2024/5/24 18:00,304.3999986,1,1,1,100,100,1,100
2024/5/24 19:00,180.3714243,1,1,0.142857143,21.42857143,100,0.142857143,42.85714286
2024/5/24 20:00,186.5999929,1,1,0.142857143,67.85714286,64.28571429,0.142857143,35.71428571
2024/5/24 21:00,149.3714257,1,0.714285714,0.285714286,0,57.14285714,0.285714286,64.28571429
2024/5/24 22:00,112.3142857,0.714285714,0.571428571,0.285714286,39.28571429,17.85714286,0.285714286,32.14285714
2024/5/24 23:00,149.7428557,1,0.857142857,0.285714286,39.28571429,42.85714286,0.285714286,42.85714286
2024/5/25 0:00,107.2857129,0.571428571,0.428571429,0.142857143,42.85714286,28.57142857,0.142857143,14.28571429
2024/5/25 1:00,67.22857,0.428571429,0.428571429,0.142857143,14.28571429,25,0.142857143,10.71428571
2024/5/25 2:00,79.79999857,0.428571429,0.285714286,0.142857143,25,25,0.142857143,21.42857143
2024/5/25 3:00,57.77143,0.428571429,0.285714286,0.285714286,17.85714286,10.71428571,0.285714286,14.28571429
2024/5/25 4:00,95.02857,0.571428571,0.285714286,0.285714286,21.42857143,32.14285714,0.285714286,32.14285714
2024/5/25 5:00,56.4,0.285714286,0.142857143,0.285714286,17.85714286,14.28571429,0.285714286,14.28571429
2024/5/25 6:00,50.22857143,0.285714286,0,0,28.57142857,10.71428571,0,0
2024/5/25 7:00,72.71428571,0.428571429,0.142857143,0.142857143,28.57142857,14.28571429,0.142857143,21.42857143
2024/5/25 8:00,63.25714429,0.285714286,0.142857143,0.142857143,14.28571429,14.28571429,0.142857143,21.42857143
2024/5/25 9:00,136.1142843,0.714285714,0.714285714,0.285714286,35.71428571,57.14285714,0.285714286,42.85714286
2024/5/25 10:00,127.5428557,0.714285714,0.714285714,0.285714286,32.14285714,67.85714286,0.285714286,14.28571429
2024/5/25 11:00,163.3714214,0.857142857,0.857142857,0.428571429,28.57142857,75,0.428571429,53.57142857
2024/5/25 12:00,147.7714229,0.571428571,0.571428571,0.428571429,46.42857143,57.14285714,0.428571429,42.85714286
2024/5/25 13:00,83.85714286,0.428571429,0.285714286,0.142857143,17.85714286,28.57142857,0.285714286,21.42857143
2024/5/25 14:00,120.7428557,0.571428571,0.428571429,0.285714286,25,39.28571429,0.285714286,35.71428571
2024/5/25 15:00,157.5428543,0.857142857,0.714285714,0.285714286,35.71428571,82.14285714,0.285714286,21.42857143
2024/5/25 16:00,151.0285714,0.857142857,0.857142857,0.285714286,14.28571429,78.57142857,0.285714286,35.71428571
2024/5/25 17:00,183.7142857,1,1,0.285714286,57.14285714,60.71428571,0.285714286,50
2024/5/25 18:00,192.0857143,1,1,0.285714286,57.14285714,75,0.285714286,46.42857143
2024/5/25 19:00,205.3428529,1,1,0.285714286,71.42857143,78.57142857,0.285714286,50
2024/5/25 20:00,216.9714271,1,1,0.428571429,42.85714286,96.42857143,0.428571429,71.42857143
2024/5/25 21:00,183.3142843,0.857142857,0.857142857,0.285714286,25,85.71428571,0.285714286,53.57142857
2024/5/25 22:00,132.4571429,0.857142857,0.714285714,0.285714286,21.42857143,85.71428571,0.285714286,14.28571429
2024/5/25 23:00,98.11428714,0.428571429,0.428571429,0.285714286,21.42857143,39.28571429,0.285714286,28.57142857
2024/5/26 0:00,87.19999714,0.285714286,0.285714286,0.285714286,28.57142857,25,0.285714286,28.57142857
2024/5/26 1:00,94.8,0.428571429,0.285714286,0.285714286,28.57142857,28.57142857,0.285714286,28.57142857
2024/5/26 2:00,85.57143,0.428571429,0.285714286,0.285714286,25,17.85714286,0.285714286,42.85714286
2024/5/26 3:00,47.82857143,0.142857143,0.142857143,0.571428571,10.71428571,0,0.571428571,14.28571429
2024/5/26 4:00,49.8,0,0,1,7.142857143,0,1,7.142857143
2024/5/26 5:00,49.94285714,0,0,0.857142857,10.71428571,0,0.714285714,0
2024/5/26 6:00,44.42857143,0,0,0.571428571,0,0,1,14.28571429
2024/5/26 7:00,33.37142857,0,0,1,0,0,1,0
2024/5/26 8:00,33.14285714,0,0,1,0,0,1,0
2024/5/26 9:00,39.54285714,0,0,1,0,0,1,0
2024/5/26 10:00,40.45714286,0,0,1,0,0,1,0
2024/5/26 11:00,153.0571386,0.714285714,0.571428571,1,71.42857143,71.42857143,1,7.142857143
2024/5/26 12:00,188.5999943,1,1,0.714285714,42.85714286,92.85714286,0.714285714,50
2024/5/26 13:00,125.82857,0.857142857,0.714285714,0.428571429,25,53.57142857,0.428571429,21.42857143
2024/5/26 14:00,121.1142829,0.714285714,0.428571429,0.571428571,25,50,0.571428571,21.42857143
2024/5/26 15:00,205.4,1,0.714285714,0.714285714,46.42857143,85.71428571,0.714285714,46.42857143
2024/5/26 16:00,160.0285743,0.857142857,0.571428571,0.428571429,46.42857143,39.28571429,0.428571429,57.14285714
2024/5/26 17:00,198.4857171,1,0.857142857,0.428571429,57.14285714,82.14285714,0.428571429,53.57142857
2024/5/26 18:00,183.54286,0.857142857,0.714285714,0.285714286,35.71428571,75,0.285714286,57.14285714
2024/5/26 19:00,167.2000014,1,0.571428571,0.285714286,28.57142857,89.28571429,0.285714286,32.14285714
2024/5/26 20:00,160.22857,0.857142857,0.714285714,0.285714286,35.71428571,78.57142857,0.285714286,35.71428571
2024/5/26 21:00,172.1142829,0.857142857,0.571428571,0.285714286,39.28571429,85.71428571,0.285714286,42.85714286
2024/5/26 22:00,127.9714271,0.714285714,0.428571429,0.285714286,28.57142857,57.14285714,0.285714286,42.85714286
2024/5/26 23:00,112.6,0.714285714,0.571428571,0.285714286,28.57142857,60.71428571,0.285714286,21.42857143
2024/5/27 0:00,78.34285571,0.571428571,0.285714286,0.285714286,14.28571429,35.71428571,0.285714286,3.571428571
2024/5/27 1:00,137.1428557,0.714285714,0.571428571,0.428571429,32.14285714,46.42857143,0.428571429,42.85714286
2024/5/27 2:00,143.1142843,0.857142857,0.428571429,0.428571429,35.71428571,67.85714286,0.428571429,42.85714286
2024/5/27 3:00,104.4285743,0.571428571,0.285714286,0.285714286,35.71428571,39.28571429,0.285714286,28.57142857
2024/5/27 4:00,93.65714143,0.571428571,0.285714286,0.285714286,21.42857143,39.28571429,0.285714286,28.57142857
2024/5/27 5:00,94.99999857,0.571428571,0.285714286,0.285714286,28.57142857,39.28571429,0.285714286,28.57142857
2024/5/27 6:00,92.37143,0.714285714,0.285714286,0.142857143,28.57142857,42.85714286,0.142857143,14.28571429
2024/5/27 7:00,72.77142857,0.428571429,0.285714286,0.142857143,21.42857143,35.71428571,0.142857143,14.28571429
2024/5/27 8:00,106.3714243,0.571428571,0.428571429,0.285714286,53.57142857,21.42857143,0.285714286,25
2024/5/27 9:00,130.8857114,0.714285714,0.428571429,0.285714286,50,42.85714286,0.285714286,35.71428571
2024/5/27 10:00,158.2857157,0.714285714,0.714285714,0.428571429,57.14285714,57.14285714,0.428571429,42.85714286
2024/5/27 11:00,153.42857,0.714285714,0.714285714,0.571428571,50,50,0.571428571,42.85714286
2024/5/27 12:00,169.9714271,0.714285714,0.714285714,0.571428571,42.85714286,67.85714286,0.571428571,35.71428571
2024/5/27 13:00,131.5999971,0.571428571,0.571428571,0.571428571,50,25,0.285714286,50
2024/5/27 14:00,121.77143,0.571428571,0.428571429,0,42.85714286,25,0.428571429,39.28571429
2024/5/27 15:00,145.7999986,0.571428571,0.428571429,0.285714286,50,28.57142857,0.285714286,42.85714286
2024/5/27 16:00,130.14286,0.714285714,0.428571429,0.285714286,35.71428571,39.28571429,0.285714286,35.71428571
2024/5/27 17:00,178.6000014,1,1,0.285714286,25,92.85714286,0.285714286,42.85714286
2024/5/27 18:00,196.7428571,0.857142857,0.571428571,0.571428571,57.14285714,67.85714286,0.571428571,53.57142857
2024/5/27 19:00,174.6857114,0.857142857,0.571428571,0.428571429,64.28571429,53.57142857,0.428571429,46.42857143
2024/5/27 20:00,145.4857143,0.714285714,0.285714286,0.571428571,42.85714286,53.57142857,0.714285714,42.85714286
2024/5/27 21:00,138.8,0.714285714,0.285714286,0.428571429,39.28571429,53.57142857,0.428571429,39.28571429
2024/5/27 22:00,95.74285857,0.285714286,0.285714286,0.285714286,28.57142857,32.14285714,0.285714286,28.57142857
2024/5/27 23:00,92.82857,0.428571429,0.285714286,0.285714286,28.57142857,39.28571429,0.285714286,21.42857143
2024/5/28 0:00,95.99999857,0.428571429,0.428571429,0.428571429,28.57142857,32.14285714,0.428571429,25
2024/5/28 1:00,81.31428429,0.428571429,0.142857143,0.285714286,28.57142857,21.42857143,0.285714286,21.42857143
2024/5/28 2:00,79.97142857,0.428571429,0.142857143,0.285714286,17.85714286,25,0.285714286,28.57142857
2024/5/28 3:00,92.14285571,0.571428571,0.142857143,0.285714286,25,35.71428571,0.285714286,28.57142857
2024/5/28 4:00,90.14286,0.571428571,0.285714286,0.285714286,28.57142857,35.71428571,0.285714286,14.28571429
2024/5/28 5:00,83.68571286,0.571428571,0.142857143,0.285714286,28.57142857,28.57142857,0.285714286,25
2024/5/28 6:00,75.82857143,0.571428571,0.285714286,0.285714286,21.42857143,25,0.285714286,25
2024/5/28 7:00,89.42857429,0.428571429,0.285714286,0.285714286,14.28571429,42.85714286,0.285714286,32.14285714
2024/5/28 8:00,64.94285714,0.428571429,0.142857143,0.285714286,14.28571429,21.42857143,0.285714286,21.42857143
2024/5/28 9:00,145.3142857,0.714285714,0.571428571,0.428571429,42.85714286,53.57142857,0.428571429,28.57142857
2024/5/28 10:00,170.2000014,0.857142857,0.714285714,0.285714286,50,71.42857143,0.285714286,35.71428571
2024/5/28 11:00,137.85714,0.857142857,0.714285714,0.285714286,14.28571429,46.42857143,0.285714286,60.71428571
2024/5/28 12:00,166.7142814,0.714285714,0.571428571,0.285714286,35.71428571,60.71428571,0.285714286,42.85714286
2024/5/28 13:00,139.7999986,0.571428571,0.428571429,0.285714286,17.85714286,42.85714286,0.285714286,57.14285714
2024/5/28 14:00,88.2,0.428571429,0.285714286,0.285714286,35.71428571,28.57142857,0.285714286,14.28571429
2024/5/28 15:00,149.0857157,0.571428571,0.428571429,0.285714286,35.71428571,35.71428571,0.428571429,46.42857143
2024/5/28 16:00,168.0000014,0.571428571,0.571428571,0.285714286,57.14285714,53.57142857,0.285714286,35.71428571
2024/5/28 17:00,183.7999986,0.571428571,0.571428571,0.285714286,57.14285714,50,0.285714286,50
2024/5/28 18:00,201.4285714,0.857142857,0.857142857,0.285714286,71.42857143,64.28571429,0.285714286,60.71428571
2024/5/28 19:00,140.8000014,0.714285714,0.571428571,0.285714286,39.28571429,50,0.285714286,42.85714286
2024/5/28 20:00,173.1142857,0.857142857,0.714285714,0.428571429,39.28571429,71.42857143,0.428571429,42.85714286
2024/5/28 21:00,117.7714314,0.571428571,0.428571429,0.285714286,35.71428571,42.85714286,0.285714286,35.71428571
2024/5/28 22:00,106.6857129,0.714285714,0.285714286,0.285714286,14.28571429,53.57142857,0.285714286,39.28571429
2024/5/28 23:00,105.2285714,0.428571429,0.285714286,0.285714286,28.57142857,42.85714286,0.285714286,28.57142857
2024/5/29 0:00,71.8,0.285714286,0.285714286,0.285714286,14.28571429,17.85714286,0.285714286,28.57142857
2024/5/29 1:00,90.05714143,0.714285714,0.285714286,0.285714286,28.57142857,28.57142857,0.285714286,17.85714286
2024/5/29 2:00,73.19999714,0.428571429,0.142857143,0.285714286,21.42857143,25,0.285714286,14.28571429
2024/5/29 3:00,99.65714143,0.714285714,0.142857143,0.285714286,32.14285714,25,0.285714286,28.57142857
2024/5/29 4:00,145.7999986,1,0.857142857,0.285714286,57.14285714,32.14285714,0.285714286,35.71428571
2024/5/29 5:00,118.2857143,0.428571429,0.285714286,0.142857143,32.14285714,28.57142857,0.142857143,46.42857143
2024/5/29 6:00,76.28571429,0.285714286,0.285714286,0.285714286,17.85714286,21.42857143,0.285714286,21.42857143
2024/5/29 7:00,92.62857286,0.428571429,0.285714286,0.285714286,28.57142857,28.57142857,0.285714286,28.57142857
2024/5/29 8:00,114.3142871,0.571428571,0.428571429,0.285714286,42.85714286,39.28571429,0.285714286,28.57142857
2024/5/29 9:00,178.8857114,0.714285714,0.571428571,0.428571429,50,57.14285714,0.428571429,50
2024/5/29 10:00,202.1428571,0.857142857,0.857142857,0.571428571,57.14285714,60.71428571,0.285714286,67.85714286
2024/5/29 11:00,157.5714271,0.714285714,0.714285714,0.428571429,50,57.14285714,0.285714286,46.42857143
2024/5/29 12:00,144.7999986,0.571428571,0.428571429,0.285714286,28.57142857,57.14285714,0.285714286,39.28571429
2024/5/29 13:00,160.2000014,0.857142857,0.571428571,0.285714286,14.28571429,53.57142857,0.571428571,75
2024/5/29 14:00,106.2571457,0.428571429,0.428571429,0.428571429,28.57142857,39.28571429,0.428571429,25
2024/5/29 15:00,167.2571457,0.714285714,0.714285714,0.428571429,57.14285714,42.85714286,0.428571429,42.85714286
2024/5/29 16:00,173.0571429,0.714285714,0.571428571,0.428571429,42.85714286,64.28571429,0.428571429,42.85714286
2024/5/29 17:00,162.9714271,0.714285714,0.571428571,0.428571429,42.85714286,71.42857143,0.428571429,39.28571429
2024/5/29 18:00,121.4857171,0.571428571,0.285714286,0.428571429,42.85714286,53.57142857,0.428571429,3.571428571
2024/5/29 19:00,109.8285714,0.571428571,0.428571429,0.285714286,17.85714286,28.57142857,0.285714286,35.71428571
2024/5/29 20:00,129.3714271,0.571428571,0.428571429,0.285714286,32.14285714,46.42857143,0.285714286,21.42857143
2024/5/29 21:00,146.5142871,0.714285714,0.571428571,0.285714286,35.71428571,60.71428571,0.285714286,32.14285714
2024/5/29 22:00,112.1142857,0.428571429,0.285714286,0.285714286,28.57142857,35.71428571,0.428571429,42.85714286
2024/5/29 23:00,145.4857157,0.571428571,0.428571429,0.428571429,28.57142857,57.14285714,0.428571429,46.42857143
2024/5/30 0:00,101.2000014,0.571428571,0.428571429,0.285714286,28.57142857,28.57142857,0.428571429,35.71428571
2024/5/30 1:00,90.74285714,0.285714286,0.285714286,0.285714286,28.57142857,28.57142857,0.428571429,28.57142857
2024/5/30 2:00,77.05714143,0.428571429,0.142857143,0.142857143,21.42857143,21.42857143,0.142857143,25
2024/5/30 3:00,93.05714286,0.571428571,0.428571429,0.285714286,21.42857143,42.85714286,0.285714286,21.42857143
2024/5/30 4:00,93.51428429,0.571428571,0.571428571,0.285714286,42.85714286,28.57142857,0.285714286,21.42857143
2024/5/30 5:00,92.22856857,0.428571429,0.428571429,0.285714286,32.14285714,21.42857143,0.285714286,28.57142857
2024/5/30 6:00,72.42857143,0.285714286,0.142857143,0.285714286,14.28571429,28.57142857,0.285714286,25
2024/5/30 7:00,73.22856857,0.428571429,0.142857143,0.142857143,28.57142857,21.42857143,0.142857143,21.42857143
2024/5/30 8:00,75.54285714,0.571428571,0.142857143,0.285714286,28.57142857,14.28571429,0.285714286,25
2024/5/30 9:00,144.68571,0.714285714,0.714285714,0.285714286,17.85714286,64.28571429,0.285714286,35.71428571
2024/5/30 10:00,142.6857143,0.714285714,0.571428571,0.285714286,50,50,0.285714286,35.71428571
2024/5/30 11:00,116.3714286,0.714285714,0.571428571,0.285714286,21.42857143,46.42857143,0.285714286,28.57142857
2024/5/30 12:00,120.1142886,0.428571429,0.428571429,0.285714286,28.57142857,42.85714286,0.285714286,25
2024/5/30 13:00,90.51428714,0.428571429,0.285714286,0.285714286,14.28571429,39.28571429,0.285714286,17.85714286
2024/5/30 14:00,81.23333333,0.5,0.166666667,0.166666667,16.66666667,25,0.166666667,16.66666667
2024/5/30 15:00,163.3142871,0.571428571,0.571428571,0.285714286,39.28571429,46.42857143,0.285714286,50
2024/5/30 16:00,195.6571457,0.857142857,0.857142857,0.428571429,60.71428571,50,0.428571429,53.57142857
2024/5/30 17:00,176.8571443,0.714285714,0.571428571,0.428571429,17.85714286,57.14285714,0.428571429,42.85714286
2024/5/30 18:00,238.3428529,1,1,0.428571429,78.57142857,71.42857143,0.428571429,71.42857143
2024/5/30 19:00,199.1428571,1,1,0.285714286,50,71.42857143,0.285714286,64.28571429
2024/5/30 20:00,186.1142871,0.714285714,0.714285714,0.285714286,64.28571429,64.28571429,0.285714286,28.57142857
2024/5/30 21:00,177.45714,0.857142857,0.714285714,0.285714286,35.71428571,85.71428571,0.285714286,50
2024/5/30 22:00,162.7999971,0.714285714,0.714285714,0.285714286,39.28571429,60.71428571,0.285714286,35.71428571
2024/5/30 23:00,116.7142843,0.571428571,0.571428571,0.285714286,35.71428571,42.85714286,0.285714286,21.42857143
2024/5/31 0:00,57.25714143,0.285714286,0,0,0,28.57142857,0,10.71428571
2024/5/31 1:00,93.08571429,0.571428571,0.285714286,0.285714286,28.57142857,28.57142857,0.285714286,32.14285714
2024/5/31 2:00,125.7999986,0.714285714,0.571428571,0.428571429,39.28571429,35.71428571,0.428571429,46.42857143
2024/5/31 3:00,85.00000143,0.571428571,0.428571429,0.428571429,25,25,0.428571429,21.42857143
2024/5/31 4:00,79.4,0.428571429,0.285714286,0.285714286,14.28571429,28.57142857,0.285714286,28.57142857
2024/5/31 5:00,65.17142714,0.285714286,0.285714286,0.142857143,10.71428571,28.57142857,0.142857143,21.42857143
2024/5/31 6:00,87.71428429,0.571428571,0.428571429,0.285714286,39.28571429,10.71428571,0.285714286,28.57142857
2024/5/31 7:00,112.4857143,0.571428571,0.428571429,0.285714286,21.42857143,28.57142857,0.285714286,53.57142857
2024/5/31 8:00,108.0285743,0.428571429,0.428571429,0.285714286,25,42.85714286,0.285714286,42.85714286
2024/5/31 9:00,157.1428571,0.857142857,0.571428571,0.571428571,32.14285714,60.71428571,0.571428571,32.14285714
2024/5/31 10:00,222.3142814,0.857142857,0.714285714,0.714285714,57.14285714,78.57142857,0.571428571,60.71428571
2024/5/31 11:00,255.2285643,1,0.714285714,0.571428571,85.71428571,85.71428571,0.142857143,64.28571429
2024/5/31 12:00,243.4857143,1,0.714285714,0.285714286,42.85714286,92.85714286,0.428571429,71.42857143
2024/5/31 13:00,213.5428543,0.857142857,0.571428571,0.142857143,35.71428571,78.57142857,0.428571429,46.42857143
2024/5/31 14:00,232.6285686,1,1,0.571428571,75,64.28571429,0.428571429,78.57142857
2024/5/31 15:00,227.8571457,1,0.714285714,0.428571429,57.14285714,89.28571429,0.285714286,57.14285714
2024/5/31 16:00,216.3142871,1,0.857142857,0.428571429,85.71428571,78.57142857,0.428571429,35.71428571
2024/5/31 17:00,208.8857157,0.857142857,0.857142857,0.428571429,32.14285714,85.71428571,0.428571429,64.28571429
2024/5/31 18:00,244.2285714,1,0.857142857,0.428571429,60.71428571,85.71428571,0.428571429,64.28571429
2024/5/31 19:00,158.6285714,0.857142857,0.714285714,0.428571429,14.28571429,64.28571429,0.428571429,46.42857143
2024/5/31 20:00,166.6857129,0.714285714,0.571428571,0.285714286,57.14285714,42.85714286,0.285714286,39.28571429
2024/5/31 21:00,218.1142829,1,0.714285714,0.285714286,64.28571429,71.42857143,0.285714286,71.42857143
2024/5/31 22:00,146.0000029,0.714285714,0.428571429,0.285714286,28.57142857,53.57142857,0.285714286,25
2024/5/31 23:00,111.3714314,0.428571429,0.428571429,0.285714286,28.57142857,28.57142857,0.285714286,35.71428571
2024/6/1 0:00,115.5428543,0.571428571,0.428571429,0.285714286,50,21.42857143,0.285714286,28.57142857
2024/6/1 1:00,73.02857286,0.285714286,0.285714286,0.285714286,14.28571429,28.57142857,0.285714286,21.42857143
2024/6/1 2:00,83.34285571,0.571428571,0.285714286,0.285714286,28.57142857,28.57142857,0.285714286,14.28571429
2024/6/1 3:00,93.54285714,0.428571429,0.285714286,0.428571429,21.42857143,39.28571429,0.428571429,25
2024/6/1 4:00,86.62857286,0.428571429,0.142857143,0.285714286,14.28571429,35.71428571,0.285714286,32.14285714
2024/6/1 5:00,83.85714429,0.571428571,0.142857143,0.285714286,10.71428571,35.71428571,0.285714286,25
2024/6/1 6:00,87.97142857,0.571428571,0.142857143,0.285714286,21.42857143,39.28571429,0.285714286,17.85714286
2024/6/1 7:00,58.08571571,0.285714286,0.142857143,0.142857143,14.28571429,28.57142857,0.142857143,3.571428571
2024/6/1 8:00,81.05714429,0.428571429,0.142857143,0.285714286,21.42857143,28.57142857,0.285714286,17.85714286
2024/6/1 9:00,111.9142829,0.571428571,0.571428571,0.285714286,28.57142857,50,0.285714286,14.28571429
2024/6/1 10:00,133.2571457,0.571428571,0.571428571,0.285714286,28.57142857,60.71428571,0.285714286,28.57142857
2024/6/1 11:00,157.1428586,0.857142857,0.571428571,0.428571429,46.42857143,60.71428571,0.428571429,35.71428571
2024/6/1 12:00,148.5142843,0.857142857,0.571428571,0.571428571,35.71428571,42.85714286,0.571428571,46.42857143
2024/6/1 13:00,147.9714271,0.714285714,0.428571429,0.428571429,35.71428571,39.28571429,0.428571429,42.85714286
2024/6/1 14:00,146.7428571,0.857142857,0.428571429,0.428571429,28.57142857,32.14285714,0.428571429,64.28571429
2024/6/1 15:00,197.0285729,0.857142857,0.714285714,0.428571429,42.85714286,71.42857143,0.428571429,60.71428571
2024/6/1 16:00,181.3142843,0.857142857,0.571428571,0.428571429,42.85714286,64.28571429,0.428571429,50
2024/6/1 17:00,195.42857,0.857142857,0.857142857,0.285714286,64.28571429,50,0.285714286,50
2024/6/1 18:00,188.8857143,0.714285714,0.714285714,0.428571429,50,42.85714286,0.428571429,64.28571429
2024/6/1 19:00,218.8285686,1,1,0.428571429,78.57142857,57.14285714,0.428571429,64.28571429
2024/6/1 20:00,201.82857,0.857142857,0.857142857,0.428571429,57.14285714,71.42857143,0.428571429,64.28571429
2024/6/1 21:00,192.2285743,0.857142857,0.714285714,0.428571429,42.85714286,82.14285714,0.428571429,57.14285714
2024/6/1 22:00,199.7142871,0.857142857,0.571428571,0.428571429,42.85714286,85.71428571,0.428571429,53.57142857
2024/6/1 23:00,173.6571414,0.857142857,0.714285714,0.428571429,35.71428571,71.42857143,0.428571429,35.71428571
2024/6/2 0:00,168.1714271,0.857142857,0.714285714,0.428571429,53.57142857,57.14285714,0.428571429,42.85714286
2024/6/2 1:00,120.3142857,0.571428571,0.428571429,0.428571429,42.85714286,39.28571429,0.428571429,35.71428571
2024/6/2 2:00,107.2285729,0.714285714,0.428571429,0.285714286,35.71428571,35.71428571,0.285714286,35.71428571
2024/6/2 3:00,107.4857114,0.571428571,0.428571429,0.285714286,21.42857143,35.71428571,0.285714286,28.57142857
2024/6/2 4:00,88.85714429,0.428571429,0.285714286,0.142857143,21.42857143,28.57142857,0.142857143,28.57142857
2024/6/2 5:00,127.0285714,0.714285714,0.571428571,0.428571429,28.57142857,39.28571429,0.428571429,53.57142857
2024/6/2 6:00,89.77142714,0.571428571,0.428571429,0.285714286,42.85714286,21.42857143,0,17.85714286
2024/6/2 7:00,85.82857,0.428571429,0.285714286,0.285714286,28.57142857,17.85714286,0.285714286,21.42857143
2024/6/2 8:00,95.85714143,0.428571429,0.285714286,0.285714286,25,14.28571429,0.285714286,35.71428571
2024/6/2 9:00,154.3142886,0.714285714,0.428571429,0.285714286,53.57142857,21.42857143,0.571428571,46.42857143
2024/6/2 10:00,153.2857129,0.714285714,0.714285714,0.285714286,35.71428571,60.71428571,0.285714286,21.42857143
2024/6/2 11:00,146.7428586,0.714285714,0.571428571,0.285714286,42.85714286,46.42857143,0.285714286,21.42857143
2024/6/2 12:00,152.4000014,0.571428571,0.571428571,0.285714286,32.14285714,57.14285714,0.285714286,42.85714286
2024/6/2 13:00,109.7999986,0.714285714,0.571428571,0.285714286,21.42857143,42.85714286,0.285714286,25
2024/6/2 14:00,142.2857157,0.571428571,0.428571429,0.285714286,28.57142857,35.71428571,0.285714286,39.28571429
2024/6/2 15:00,170.85714,0.714285714,0.714285714,0.428571429,10.71428571,57.14285714,0.428571429,64.28571429
2024/6/2 16:00,206.8,0.857142857,0.857142857,0.571428571,42.85714286,78.57142857,0.571428571,57.14285714
2024/6/2 17:00,177.3142829,0.857142857,0.714285714,0.428571429,25,71.42857143,0.428571429,42.85714286
2024/6/2 18:00,204.4571443,1,1,0.285714286,64.28571429,64.28571429,0.285714286,53.57142857
2024/6/2 19:00,227.02857,1,1,0.428571429,71.42857143,64.28571429,0.428571429,71.42857143
2024/6/2 20:00,237.5999957,1,1,0.428571429,57.14285714,85.71428571,0.428571429,71.42857143
2024/6/2 21:00,208.88571,1,1,0.285714286,64.28571429,75,0.285714286,57.14285714
2024/6/2 22:00,221.6571371,1,1,0.428571429,60.71428571,78.57142857,0.428571429,57.14285714
2024/6/2 23:00,216.3714271,0.857142857,0.857142857,0.428571429,42.85714286,85.71428571,0.428571429,53.57142857
2024/6/3 0:00,112.7428571,0.714285714,0.714285714,0.285714286,28.57142857,42.85714286,0.285714286,14.28571429
2024/6/3 1:00,93.02857,0.428571429,0.428571429,0.285714286,25,25,0.285714286,35.71428571
2024/6/3 2:00,104.3142857,0.714285714,0.714285714,0.285714286,28.57142857,42.85714286,0.285714286,21.42857143
2024/6/3 3:00,94.05714143,0.714285714,0.571428571,0.285714286,28.57142857,35.71428571,0.285714286,14.28571429
2024/6/3 4:00,116.8571414,0.714285714,0.571428571,0.285714286,42.85714286,28.57142857,0.285714286,42.85714286
2024/6/3 5:00,86.88571429,0.571428571,0.428571429,0.285714286,35.71428571,17.85714286,0.285714286,28.57142857
2024/6/3 6:00,78.34285571,0.285714286,0.142857143,0.285714286,14.28571429,28.57142857,0.285714286,17.85714286
2024/6/3 7:00,126.5142857,0.571428571,0.571428571,0.428571429,21.42857143,53.57142857,0.428571429,42.85714286
2024/6/3 8:00,161.2857129,1,0.714285714,0.428571429,3.571428571,96.42857143,0.428571429,42.85714286
2024/6/3 9:00,205.94286,1,0.857142857,0.428571429,50,57.14285714,0.428571429,71.42857143
2024/6/3 10:00,153.0000029,0.714285714,0.714285714,0.285714286,28.57142857,71.42857143,0.285714286,32.14285714
2024/6/3 11:00,161.3142886,0.857142857,0.857142857,0.285714286,35.71428571,85.71428571,0.285714286,39.28571429
2024/6/3 12:00,118.2571414,0.571428571,0.571428571,0.285714286,35.71428571,42.85714286,0.285714286,17.85714286
2024/6/3 13:00,126.7142857,0.571428571,0.571428571,0.285714286,17.85714286,42.85714286,0.142857143,32.14285714
2024/6/3 14:00,157.4857143,0.571428571,0.428571429,0.285714286,28.57142857,50,0.285714286,35.71428571
2024/6/3 15:00,174.7142871,0.857142857,0.571428571,0.285714286,35.71428571,57.14285714,0.285714286,64.28571429
2024/6/3 16:00,249.9142857,1,0.857142857,0.428571429,67.85714286,78.57142857,0.428571429,78.57142857
2024/6/3 17:00,205.2000029,1,0.714285714,0.428571429,42.85714286,92.85714286,0.571428571,57.14285714
2024/6/3 18:00,216.1428614,1,0.857142857,0.571428571,46.42857143,71.42857143,0.571428571,60.71428571
2024/6/3 19:00,206.3714314,1,1,0.571428571,39.28571429,67.85714286,0.571428571,53.57142857
2024/6/3 20:00,225.2000043,1,0.714285714,0.571428571,78.57142857,71.42857143,0.571428571,60.71428571
2024/6/3 21:00,178.9428543,0.714285714,0.571428571,0.428571429,39.28571429,71.42857143,0.428571429,57.14285714
2024/6/3 22:00,117.8571443,0.428571429,0.285714286,0.285714286,17.85714286,42.85714286,0.285714286,35.71428571
2024/6/3 23:00,147.2285714,0.714285714,0.428571429,0.571428571,35.71428571,35.71428571,0.571428571,64.28571429
2024/6/4 0:00,139.1142857,0.714285714,0.428571429,0.571428571,39.28571429,64.28571429,0.285714286,21.42857143
2024/6/4 1:00,138.8000014,0.571428571,0.428571429,0.285714286,57.14285714,42.85714286,0.571428571,39.28571429
2024/6/4 2:00,57.77143,0.285714286,0,0.285714286,14.28571429,25,0.428571429,0
2024/6/4 3:00,93.91428429,0.285714286,0.285714286,0.285714286,28.57142857,32.14285714,0.285714286,28.57142857
2024/6/4 4:00,87.51428714,0.285714286,0.285714286,0.285714286,28.57142857,28.57142857,0.285714286,28.57142857
2024/6/4 5:00,83.82857,0.285714286,0.285714286,0.285714286,21.42857143,28.57142857,0.285714286,28.57142857
2024/6/4 6:00,76.77142857,0.571428571,0.142857143,0.285714286,7.142857143,28.57142857,0.285714286,32.14285714
2024/6/4 7:00,90.11428286,0.428571429,0.285714286,0.285714286,14.28571429,42.85714286,0.285714286,28.57142857
2024/6/4 8:00,75.25714286,0.428571429,0.285714286,0.285714286,21.42857143,28.57142857,0.285714286,21.42857143
2024/6/4 9:00,144,0.571428571,0.571428571,0.285714286,32.14285714,46.42857143,0.285714286,35.71428571
2024/6/4 10:00,169.9142843,1,1,0.285714286,28.57142857,85.71428571,0.285714286,32.14285714
2024/6/4 11:00,161.1142871,0.714285714,0.714285714,0.428571429,28.57142857,71.42857143,0.428571429,39.28571429
2024/6/4 12:00,116.5428586,0.714285714,0.571428571,0.285714286,21.42857143,32.14285714,0.285714286,25
2024/6/4 13:00,168.3714243,1,0.714285714,0.285714286,28.57142857,92.85714286,0.285714286,35.71428571
2024/6/4 14:00,101.54286,0.571428571,0.285714286,0.285714286,21.42857143,39.28571429,0.285714286,25
2024/6/4 15:00,183.1714271,0.714285714,0.571428571,0.285714286,50,50,0.285714286,42.85714286
2024/6/4 16:00,177.9142829,0.857142857,0.857142857,0.285714286,57.14285714,64.28571429,0.285714286,35.71428571
2024/6/4 17:00,165.7714271,0.714285714,0.571428571,0.285714286,35.71428571,50,0.285714286,57.14285714
2024/6/4 18:00,192.2571414,1,0.571428571,0.428571429,46.42857143,64.28571429,0.428571429,50
2024/6/4 19:00,149.0571429,0.714285714,0.571428571,0.571428571,32.14285714,50,0.571428571,50
2024/6/4 20:00,183.7142871,0.857142857,0.571428571,0.428571429,39.28571429,71.42857143,0.428571429,64.28571429
2024/6/4 21:00,161.4285743,0.857142857,0.571428571,0.285714286,28.57142857,71.42857143,0.285714286,46.42857143
2024/6/4 22:00,186,0.833333333,0.833333333,0.333333333,41.66666667,83.33333333,0.333333333,50
2024/6/4 23:00,126.0285743,0.571428571,0.285714286,0.285714286,21.42857143,42.85714286,0.285714286,32.14285714
2024/6/5 0:00,127.5428571,0.571428571,0.285714286,0.285714286,28.57142857,42.85714286,0.285714286,35.71428571
2024/6/5 1:00,77.54285714,0.428571429,0.285714286,0.285714286,14.28571429,39.28571429,0.285714286,10.71428571
2024/6/5 2:00,118.57143,0.714285714,0.714285714,0.142857143,46.42857143,17.85714286,0.142857143,35.71428571
2024/6/5 3:00,148.7714286,0.857142857,0.714285714,0.142857143,64.28571429,50,0.142857143,25
2024/6/5 4:00,80.57142714,0.285714286,0.285714286,0.285714286,14.28571429,28.57142857,0.285714286,25
2024/6/5 5:00,96.51428286,0.571428571,0.285714286,0.142857143,28.57142857,42.85714286,0.142857143,21.42857143
2024/6/5 6:00,110.9714286,0.714285714,0.714285714,0.428571429,39.28571429,28.57142857,0.428571429,35.71428571
2024/6/5 7:00,69.65714286,0.285714286,0.285714286,0.285714286,17.85714286,14.28571429,0.285714286,25
2024/6/5 8:00,102.2571429,0.428571429,0.285714286,0.428571429,28.57142857,39.28571429,0.428571429,28.57142857
2024/6/5 9:00,145.0285729,0.714285714,0.714285714,0.285714286,35.71428571,60.71428571,0.285714286,14.28571429
2024/6/5 10:00,157.1142857,0.857142857,0.857142857,0.285714286,28.57142857,75,0.285714286,35.71428571
2024/6/5 11:00,142.0285729,0.857142857,0.714285714,0.142857143,21.42857143,71.42857143,0.142857143,28.57142857
2024/6/5 12:00,189.14286,1,0.857142857,0.428571429,46.42857143,75,0.285714286,57.14285714
2024/6/5 13:00,140.2285743,0.714285714,0.428571429,0.428571429,39.28571429,42.85714286,0.285714286,35.71428571
2024/6/5 14:00,74.48571429,0.428571429,0.142857143,0.285714286,17.85714286,28.57142857,0.285714286,14.28571429
2024/6/5 15:00,162.0571457,0.714285714,0.571428571,0.285714286,42.85714286,57.14285714,0.285714286,35.71428571
2024/6/5 16:00,199.2,1,1,0.285714286,35.71428571,89.28571429,0.285714286,28.57142857
2024/6/5 17:00,207.7428543,1,0.857142857,0.571428571,46.42857143,64.28571429,0.571428571,53.57142857
2024/6/5 18:00,230.8571443,1,1,0.428571429,53.57142857,71.42857143,0.428571429,64.28571429
2024/6/5 19:00,225.3714286,0.857142857,0.714285714,0.714285714,57.14285714,71.42857143,0.571428571,64.28571429
2024/6/5 20:00,219.02857,0.857142857,0.571428571,0.571428571,60.71428571,85.71428571,0.285714286,46.42857143
2024/6/5 21:00,149.5714314,0.714285714,0.571428571,0.285714286,21.42857143,71.42857143,0.285714286,35.71428571
2024/6/5 22:00,200.8285729,0.857142857,0.571428571,0.285714286,57.14285714,71.42857143,0.571428571,46.42857143
2024/6/5 23:00,162.0857129,0.857142857,0.571428571,0.142857143,42.85714286,71.42857143,0.142857143,35.71428571
2024/6/6 0:00,184.6571429,0.714285714,0.714285714,0.285714286,42.85714286,71.42857143,0.285714286,39.28571429
2024/6/6 1:00,137.4285714,0.714285714,0.571428571,0.428571429,32.14285714,39.28571429,0.428571429,10.71428571
2024/6/6 2:00,123.0857157,0.571428571,0.428571429,0.285714286,28.57142857,42.85714286,0.285714286,28.57142857
2024/6/6 3:00,87.51428571,0.714285714,0.571428571,0.142857143,21.42857143,39.28571429,0.142857143,0
2024/6/6 4:00,113.82857,0.714285714,0.571428571,0.142857143,35.71428571,25,0.142857143,25
2024/6/6 5:00,75.62857143,0.571428571,0.428571429,0.142857143,0,35.71428571,0.142857143,14.28571429
2024/6/6 6:00,65.34285714,0.428571429,0.285714286,0.142857143,14.28571429,14.28571429,0.285714286,7.142857143
2024/6/6 7:00,86.31428571,0.285714286,0.285714286,0.142857143,14.28571429,28.57142857,0.285714286,28.57142857
2024/6/6 8:00,91.28571286,0.428571429,0.285714286,0.285714286,25,17.85714286,0.285714286,28.57142857
2024/6/6 9:00,126.3428571,0.428571429,0.428571429,0.285714286,21.42857143,28.57142857,0.285714286,35.71428571
2024/6/6 10:00,191.9714286,0.857142857,0.857142857,0.428571429,28.57142857,60.71428571,0.428571429,64.28571429
2024/6/6 11:00,196.4857171,1,0.857142857,0.285714286,71.42857143,67.85714286,0.285714286,42.85714286
2024/6/6 12:00,162.0571429,0.714285714,0.714285714,0.285714286,28.57142857,50,0.285714286,50
2024/6/6 13:00,153.2857114,0.714285714,0.714285714,0.285714286,28.57142857,64.28571429,0.285714286,32.14285714
2024/6/6 14:00,154.8571443,0.714285714,0.714285714,0.285714286,42.85714286,50,0.285714286,42.85714286
2024/6/6 15:00,197.4857143,1,1,0.428571429,35.71428571,82.14285714,0.428571429,57.14285714
2024/6/6 16:00,182.1142857,1,1,0.428571429,25,78.57142857,0.428571429,64.28571429
2024/6/6 17:00,168.1142886,0.857142857,0.857142857,0.428571429,28.57142857,71.42857143,0.428571429,32.14285714
2024/6/6 18:00,201.7142871,0.857142857,0.857142857,0.571428571,57.14285714,71.42857143,0.571428571,57.14285714
2024/6/6 19:00,211.7428514,1,0.857142857,0.428571429,42.85714286,100,0.428571429,60.71428571
2024/6/6 20:00,196.5142871,0.857142857,0.857142857,0.428571429,60.71428571,75,0.428571429,50
2024/6/6 21:00,163.5714271,0.714285714,0.571428571,0.285714286,25,71.42857143,0.285714286,46.42857143
2024/6/6 22:00,206.4,1,0.714285714,0.285714286,42.85714286,92.85714286,0.285714286,53.57142857
2024/6/6 23:00,124.6571429,0.857142857,0.428571429,0.285714286,50,28.57142857,0.285714286,25
2024/6/7 0:00,117.6571443,0.714285714,0.285714286,0.285714286,39.28571429,21.42857143,0.285714286,21.42857143
2024/6/7 1:00,90.54285429,0.571428571,0.428571429,0.285714286,17.85714286,39.28571429,0.285714286,14.28571429
2024/6/7 2:00,109.9714257,0.857142857,0.571428571,0.142857143,28.57142857,39.28571429,0.142857143,32.14285714
2024/6/7 3:00,152.2285714,1,0.571428571,0.142857143,32.14285714,71.42857143,0.142857143,32.14285714
2024/6/7 4:00,177.9428557,1,0.857142857,0.285714286,28.57142857,96.42857143,0.285714286,50
2024/6/7 5:00,137.2285729,0.857142857,0.714285714,0.285714286,42.85714286,57.14285714,0.285714286,32.14285714
2024/6/7 6:00,152.2857143,0.857142857,0.714285714,0.285714286,42.85714286,60.71428571,0.285714286,39.28571429
2024/6/7 7:00,106.1999986,0.571428571,0.428571429,0.285714286,25,42.85714286,0.285714286,28.57142857
2024/6/7 8:00,108.2571443,0.714285714,0.571428571,0.285714286,28.57142857,53.57142857,0.285714286,10.71428571
2024/6/7 9:00,152,0.714285714,0.714285714,0.285714286,28.57142857,71.42857143,0.285714286,50
2024/6/7 10:00,145.65714,0.571428571,0.571428571,0.285714286,25,57.14285714,0.285714286,32.14285714
2024/6/7 11:00,184.0285729,0.857142857,0.857142857,0.285714286,35.71428571,85.71428571,0.285714286,35.71428571
2024/6/7 12:00,176.4857143,0.714285714,0.571428571,0.428571429,39.28571429,50,0.428571429,39.28571429
2024/6/7 13:00,203.5999943,1,1,0.285714286,46.42857143,53.57142857,0.285714286,71.42857143
2024/6/7 14:00,121.9714243,0.571428571,0.571428571,0.285714286,35.71428571,39.28571429,0.285714286,35.71428571
2024/6/7 15:00,175.2571414,0.714285714,0.571428571,0.571428571,64.28571429,35.71428571,0.571428571,42.85714286
2024/6/7 16:00,208.0285686,1,0.857142857,0.428571429,64.28571429,67.85714286,0.428571429,64.28571429
2024/6/7 17:00,211.1142871,1,1,0.571428571,53.57142857,64.28571429,0.571428571,82.14285714
2024/6/7 18:00,207.3428543,1,1,0.571428571,50,89.28571429,0.285714286,57.14285714
2024/6/7 19:00,200.97143,0.857142857,0.857142857,0.285714286,28.57142857,75,0.571428571,78.57142857
2024/6/7 20:00,165.37143,0.857142857,0.857142857,0.142857143,32.14285714,57.14285714,0.428571429,67.85714286
2024/6/7 21:00,153.7142843,0.857142857,0.857142857,0.428571429,14.28571429,78.57142857,0.428571429,35.71428571
2024/6/7 22:00,179.5142871,1,0.857142857,0.714285714,42.85714286,64.28571429,0.714285714,50
2024/6/7 23:00,208.6857157,1,1,0.428571429,42.85714286,96.42857143,0.428571429,42.85714286
2024/6/8 0:00,147.3142843,0.714285714,0.714285714,0.285714286,42.85714286,50,0.285714286,42.85714286
2024/6/8 1:00,94.54285714,0.571428571,0.428571429,0.285714286,28.57142857,35.71428571,0.285714286,21.42857143
2024/6/8 2:00,109.1142843,0.571428571,0.571428571,0.285714286,46.42857143,28.57142857,0.285714286,28.57142857
2024/6/8 3:00,91.80000143,0.428571429,0.428571429,0.142857143,42.85714286,17.85714286,0.142857143,28.57142857
2024/6/8 4:00,80.74285714,0.571428571,0.428571429,0.285714286,14.28571429,21.42857143,0.285714286,35.71428571
2024/6/8 5:00,96.91428429,0.571428571,0.571428571,0.285714286,28.57142857,28.57142857,0.285714286,35.71428571
2024/6/8 6:00,103.3428571,0.571428571,0.428571429,0.285714286,32.14285714,28.57142857,0.285714286,35.71428571
2024/6/8 7:00,80.85714571,0.428571429,0.285714286,0.142857143,28.57142857,17.85714286,0.142857143,21.42857143
2024/6/8 8:00,92.08571286,0.428571429,0.285714286,0.285714286,14.28571429,32.14285714,0.285714286,28.57142857
2024/6/8 9:00,164.3142886,0.857142857,0.714285714,0.285714286,39.28571429,75,0.285714286,28.57142857
2024/6/8 10:00,195.77143,1,1,0.428571429,28.57142857,92.85714286,0.428571429,53.57142857
2024/6/8 11:00,177.8571443,1,1,0.285714286,28.57142857,92.85714286,0.285714286,21.42857143
2024/6/8 12:00,184.7428557,0.857142857,0.857142857,0.285714286,35.71428571,85.71428571,0.285714286,42.85714286
2024/6/8 13:00,171.8571457,0.857142857,0.857142857,0.285714286,21.42857143,78.57142857,0.285714286,42.85714286
2024/6/8 14:00,196.4000014,1,1,0.285714286,53.57142857,71.42857143,0.285714286,57.14285714
2024/6/8 15:00,246.5428614,1,1,0.428571429,64.28571429,85.71428571,0.428571429,64.28571429
2024/6/8 16:00,220.5999986,1,1,0.285714286,46.42857143,71.42857143,0.285714286,71.42857143
2024/6/8 17:00,237.8571443,1,1,0.428571429,57.14285714,85.71428571,0.285714286,57.14285714
2024/6/8 18:00,213.57143,1,1,0.428571429,64.28571429,50,0.428571429,82.14285714
2024/6/8 19:00,227.9999986,1,1,0.428571429,42.85714286,96.42857143,0.428571429,60.71428571
2024/6/8 20:00,220.9714271,1,1,0.428571429,71.42857143,85.71428571,0.428571429,57.14285714
2024/6/8 21:00,202.7428557,0.857142857,0.857142857,0.428571429,67.85714286,39.28571429,0.428571429,82.14285714
2024/6/8 22:00,169.0857157,0.714285714,0.571428571,0.285714286,42.85714286,28.57142857,0.285714286,35.71428571
2024/6/8 23:00,193.0857129,1,0.857142857,0.285714286,42.85714286,82.14285714,0.285714286,32.14285714
2024/6/9 0:00,202.2571429,1,0.857142857,0.285714286,53.57142857,67.85714286,0.285714286,57.14285714
2024/6/9 1:00,142.9142871,0.714285714,0.571428571,0.285714286,21.42857143,67.85714286,0.285714286,21.42857143
2024/6/9 2:00,160.3142843,0.571428571,0.571428571,0.285714286,35.71428571,53.57142857,0.285714286,35.71428571
2024/6/9 3:00,162.0857157,0.714285714,0.571428571,0.428571429,42.85714286,57.14285714,0.285714286,35.71428571
2024/6/9 4:00,90.39999857,0.285714286,0.285714286,0.285714286,28.57142857,21.42857143,0.285714286,28.57142857
2024/6/9 5:00,91.77142571,0.428571429,0.428571429,0.285714286,32.14285714,14.28571429,0.285714286,28.57142857
2024/6/9 6:00,102.6857129,0.428571429,0.285714286,0.285714286,28.57142857,39.28571429,0.285714286,21.42857143
2024/6/9 7:00,103.0571443,0.428571429,0.285714286,0.285714286,32.14285714,28.57142857,0.285714286,35.71428571
2024/6/9 8:00,89.94285714,0.571428571,0.285714286,0.285714286,14.28571429,35.71428571,0.285714286,35.71428571
2024/6/9 9:00,155.2,0.714285714,0.714285714,0.285714286,35.71428571,64.28571429,0.285714286,28.57142857
2024/6/9 10:00,169.0571471,1,0.857142857,0.285714286,39.28571429,75,0.285714286,28.57142857
2024/6/9 11:00,213.3428529,0.857142857,0.714285714,0.428571429,42.85714286,85.71428571,0.428571429,46.42857143
2024/6/9 12:00,253.8571414,1,1,0.428571429,71.42857143,75,0.428571429,67.85714286
2024/6/9 13:00,212.0857071,0.857142857,0.714285714,0.571428571,28.57142857,60.71428571,0.571428571,67.85714286
2024/6/9 14:00,211.1428571,0.714285714,0.714285714,0.714285714,57.14285714,42.85714286,0.428571429,57.14285714
2024/6/9 15:00,236.4571429,0.857142857,0.857142857,0.285714286,71.42857143,64.28571429,0.571428571,53.57142857
2024/6/9 16:00,262.9142857,1,1,0.285714286,64.28571429,85.71428571,0.571428571,78.57142857
2024/6/9 17:00,251.5714257,1,1,0.571428571,67.85714286,64.28571429,0.571428571,78.57142857
2024/6/9 18:00,274.0571443,1,1,0.571428571,78.57142857,78.57142857,0.571428571,67.85714286
2024/6/9 19:00,253.05714,1,1,0.571428571,64.28571429,78.57142857,0.571428571,64.28571429
2024/6/9 20:00,186.8857129,0.714285714,0.714285714,0.428571429,28.57142857,53.57142857,0.428571429,57.14285714
2024/6/9 21:00,182.5714271,0.714285714,0.714285714,0.428571429,35.71428571,53.57142857,0.428571429,46.42857143
2024/6/9 22:00,266.9142914,1,1,0.571428571,85.71428571,60.71428571,0.571428571,78.57142857
2024/6/9 23:00,245.5999986,1,0.857142857,0.428571429,57.14285714,92.85714286,0.428571429,60.71428571
2024/6/10 0:00,175.5142871,0.714285714,0.428571429,0.428571429,21.42857143,67.85714286,0.428571429,42.85714286
2024/6/10 1:00,141.4000029,0.428571429,0.428571429,0.428571429,35.71428571,42.85714286,0.428571429,42.85714286
2024/6/10 2:00,142.54286,0.571428571,0.428571429,0.571428571,32.14285714,57.14285714,0.571428571,42.85714286
2024/6/10 3:00,93.54286,0.285714286,0.285714286,0.285714286,25,28.57142857,0.285714286,28.57142857
2024/6/10 4:00,67.91428714,0.285714286,0.142857143,0.285714286,14.28571429,28.57142857,0.285714286,14.28571429
2024/6/10 5:00,77.22857,0.285714286,0.285714286,0.285714286,10.71428571,28.57142857,0.285714286,28.57142857
2024/6/10 6:00,94.2,0.285714286,0.285714286,0.285714286,28.57142857,28.57142857,0.285714286,28.57142857
2024/6/10 7:00,122.2857157,0.571428571,0.285714286,0.571428571,28.57142857,50,0.571428571,32.14285714
2024/6/10 8:00,106.4000014,0.428571429,0.285714286,0.428571429,3.571428571,42.85714286,0.428571429,28.57142857
2024/6/10 9:00,183.1714257,0.714285714,0.571428571,0.428571429,46.42857143,50,0.428571429,53.57142857
2024/6/10 10:00,190.3999957,0.857142857,0.857142857,0.285714286,39.28571429,67.85714286,0.285714286,60.71428571
2024/6/10 11:00,194.9999986,0.857142857,0.857142857,0.428571429,50,53.57142857,0.428571429,67.85714286
2024/6/10 12:00,216.9428571,0.857142857,0.857142857,0.428571429,57.14285714,71.42857143,0.428571429,60.71428571
2024/6/10 13:00,140.4571471,0.571428571,0.428571429,0.428571429,35.71428571,53.57142857,0.571428571,42.85714286
2024/6/10 14:00,144.3142871,0.571428571,0.571428571,0.428571429,35.71428571,46.42857143,0.428571429,53.57142857
2024/6/10 15:00,193.2571414,0.857142857,0.857142857,0.428571429,64.28571429,71.42857143,0.428571429,53.57142857
2024/6/10 16:00,228.3428586,1,1,0.571428571,67.85714286,71.42857143,0.571428571,78.57142857
2024/6/10 17:00,228.74286,1,1,0.571428571,78.57142857,78.57142857,0.571428571,60.71428571
2024/6/10 18:00,200.6571443,1,1,0.428571429,50,75,0.428571429,67.85714286
2024/6/10 19:00,216.4285714,1,1,0.571428571,78.57142857,64.28571429,0.571428571,64.28571429
2024/6/10 20:00,174.5714286,0.857142857,0.857142857,0.428571429,50,53.57142857,0.428571429,50
2024/6/10 21:00,207.9428571,1,1,0.571428571,50,92.85714286,0.571428571,50
2024/6/10 22:00,220.5714286,1,1,0.571428571,71.42857143,71.42857143,0.571428571,67.85714286
2024/6/10 23:00,199.2000014,1,0.857142857,0.857142857,57.14285714,64.28571429,0.571428571,67.85714286
2024/6/11 0:00,125.2571443,0.714285714,0.714285714,0.285714286,25,39.28571429,0.571428571,42.85714286
2024/6/11 1:00,108.2857129,0.571428571,0.428571429,0.142857143,14.28571429,50,0.428571429,35.71428571
2024/6/11 2:00,110.6571414,0.714285714,0.571428571,0.428571429,32.14285714,39.28571429,0.428571429,28.57142857
2024/6/11 3:00,125.9142871,0.571428571,0.571428571,0.428571429,42.85714286,57.14285714,0.428571429,28.57142857
2024/6/11 4:00,147.0571471,0.714285714,0.714285714,0.714285714,42.85714286,53.57142857,0.714285714,50
2024/6/11 5:00,146.4857143,0.714285714,0.714285714,0.714285714,42.85714286,57.14285714,0.714285714,42.85714286
2024/6/11 6:00,127.9714271,0.428571429,0.428571429,0.428571429,42.85714286,42.85714286,0.428571429,42.85714286
2024/6/11 7:00,129.6857129,0.428571429,0.428571429,0.428571429,42.85714286,42.85714286,0.428571429,42.85714286
2024/6/11 8:00,123.7142857,0.428571429,0.428571429,0.428571429,32.14285714,42.85714286,0.428571429,42.85714286
2024/6/11 9:00,172.2000029,0.714285714,0.714285714,0.428571429,64.28571429,42.85714286,0.428571429,57.14285714
2024/6/11 10:00,224.2000029,1,1,0.571428571,57.14285714,92.85714286,0.571428571,67.85714286
2024/6/11 11:00,182.5142814,1,1,0.285714286,42.85714286,57.14285714,0.285714286,60.71428571
2024/6/11 12:00,166.8857157,0.857142857,0.857142857,0.428571429,39.28571429,57.14285714,0.428571429,46.42857143
2024/6/11 13:00,164.5142886,0.857142857,0.857142857,0.285714286,32.14285714,57.14285714,0.285714286,64.28571429
2024/6/11 14:00,84.28571429,0.285714286,0.285714286,0.285714286,28.57142857,28.57142857,0.285714286,21.42857143
2024/6/11 15:00,202.8285671,0.857142857,0.857142857,0.428571429,60.71428571,57.14285714,0.428571429,71.42857143
2024/6/11 16:00,254.1714314,1,1,0.571428571,75,85.71428571,0.571428571,75
2024/6/11 17:00,220.6285714,1,1,0.428571429,78.57142857,71.42857143,0.571428571,57.14285714
2024/6/11 18:00,204.45714,1,1,0.428571429,64.28571429,78.57142857,0.285714286,50
2024/6/11 19:00,226.9714271,1,1,0.428571429,64.28571429,78.57142857,0.428571429,71.42857143
2024/6/11 20:00,200.6285729,0.857142857,0.857142857,0.428571429,53.57142857,57.14285714,0.428571429,78.57142857
2024/6/11 21:00,159.88571,0.857142857,0.857142857,0.285714286,21.42857143,60.71428571,0.285714286,42.85714286
2024/6/11 22:00,192.7428586,0.857142857,0.857142857,0.428571429,50,78.57142857,0.428571429,50
2024/6/11 23:00,131.8285743,0.714285714,0.571428571,0.428571429,42.85714286,35.71428571,0.428571429,42.85714286
